Identificador de URL;Nombre;Categorías;Nombre de propiedad 1;Valor de propiedad 1;Nombre de propiedad 2;Valor de propiedad 2;Nombre de propiedad 3;Valor de propiedad 3;Precio;Precio promocional;Peso (kg);Alto (cm);Ancho (cm);Profundidad (cm);Stock;SKU;Código de barras;Mostrar en tienda;Envío sin cargo;Descripción;Tags;Título para SEO;Descripción para SEO;Marca;Producto Físico;MPN (Número de pieza del fabricante);Sexo;Rango de edad;Costo
carter-de-aceite-importado-corsa-astra-zafira-fun;Carter De Aceite Importado Corsa/astra/zafira/fun;;;;;;;;51016.1;;0.00;0.00;0.00;0.00;1;C10360111I;;SI;NO;;;;;Auto;SI;;;;
bomba-embrague-zafira;Bomba Embrague Zafira;;;;;;;;120677.47;;0.00;0.00;0.00;0.00;1;93304911;;SI;NO;;;;;Auto;SI;;;;
rotula-suspension-superior-nakata-11933-hilux-sw-05;Rotula Suspension Superior Nakata 11933 Hilux-sw 05/;;;;;;;;57777.93;;0.00;0.00;0.00;0.00;1;T4073662-N;;SI;NO;;;;;Auto;SI;;;;
cilindro-freno-trasero-3-4-aveo;Cilindro Freno Trasero 3/4 Aveo;;;;;;;;21375.63;;0.00;0.00;0.00;0.00;1;C61105143-;;SI;NO;;;;;Auto;SI;;;;
bobina-encendido-06-1420-corsa-8v-16v-99;Bobina Encendido 06-1420 Corsa 8v/16v 99/;;;;;;;;103,500,000.00;;0.00;0.00;0.00;0.00;1;c9051156-K;;SI;NO;;;;;Auto;SI;;;;
rotula-suspension-skf-vkds6372a-agile-09;Rotula Suspension Skf-vkds6372a Agile 09/;;;;;;;;30681.39;;0.00;0.00;0.00;0.00;1;C40736534S;;SI;NO;;;;;Auto;SI;;;;
goma-tapa-deposito-d-h-cobalt-sonic-spin-prisma-on;Goma Tapa Deposito D/h Cobalt/sonic/spin/prisma/on;;;;;;;;28615.18;;0.00;0.00;0.00;0.00;1;95218391;;SI;NO;;;;;Auto;SI;;;;
cano-cuerpo-mariposa-a-termostato-cruze-tracker;Caño Cuerpo Mariposa A Termostato Cruze/tracker;;;;;;;;15734.46;;0.00;0.00;0.00;0.00;1;C12106324P;;SI;NO;;;;;Auto;SI;;;;
cable-comando-cambio-4285-jgo-classic-2015;Cable Comando Cambio 4285 (jgo) Classic 2015/..;;;;;;;;107151.67;;0.00;0.00;0.00;0.00;1;C7112659-F;;SI;NO;;;;;Auto;SI;;;;
filtro-aire-s10-blaz-2-8-mwm;Filtro Aire S10/blaz 2.8 Mwm;;;;;;;;26911;;0.00;0.00;0.00;0.00;1;C12962038O;;SI;NO;;;;;Auto;SI;;;;
termostato-imp-sonic-traker-cruze-ast;Termostato Imp. Sonic/traker/cruze/ast;;;;;;;;40329.3;;0.00;0.00;0.00;0.00;1;C12111335I;;SI;NO;;;;;Auto;SI;;;;
sop-motor-derecho-adap-onix-spin-cobalt;Sop.motor Derecho Adap. Onix Spin Cobalt;;;;;;;;113722.96;;0.00;0.00;0.00;0.00;1;40089;;SI;NO;;;;;Auto;SI;;;;
reten-bancada-s10-astra-vectra-1-8-2-0;Reten Bancada S10/astra/vectra 1.8/2.0;;;;;;;;19065.92;;0.00;0.00;0.00;0.00;1;C1030517-C;;SI;NO;;;;;Auto;SI;;;;
correa-elastica-hutchinson-volkswagen-6sk1200;Correa Elastica Hutchinson Volkswagen 6sk1200;;;;;;;;39900.92;;0.00;0.00;0.00;0.00;1;6SK1200;;SI;NO;;;;;Auto;SI;;;;
crapodina-embrague-hidra-s10-2-8-mwm;Crapodina Embrague Hidra. S10 2.8 Mwm;;;;;;;;195182.16;;0.00;0.00;0.00;0.00;1;C1411657-R;;SI;NO;;;;;Auto;SI;;;;
faro-trasero-izquierdo-celta-fun-2007;Faro Trasero Izquierdo Celta/fun 2007/;;;;;;;;38389.77;;0.00;0.00;0.00;0.00;1;C94509524N;;SI;NO;;;;;Auto;SI;;;;
palanca-inversora-select-t-original-voy-trend-suran;Palanca Inversora Select. (t.original) Voy-trend-suran;;;;;;;;20480.27;;0.00;0.00;0.00;0.00;1;6R0711202X--;;SI;NO;;;;;Auto;SI;;;;
aceite-acdelco-0w20-sn-rc-sintetico-dexos-1-gen-3;Aceite Acdelco 0w20 Sn/rc Sintetico Dexos 1 Gen 3;;;;;;;;87825.55;;0.00;0.00;0.00;0.00;1;98553895;;SI;NO;;;;;Auto;SI;;;;
rotula-suspension-derecho-nakata-1075-fox-trend-voy;Rotula Suspension Derecho Nakata 1075 Fox/trend/voy;;;;;;;;48618.33;;0.00;0.00;0.00;0.00;1;5U0407366A-D;;SI;NO;;;;;Auto;SI;;;;
balancin-sth-chevrolet-s-10-2-8tdi-16v-rod-17;Balancin - Sth Chevrolet S-10 2.8tdi 16v. Rod.17;;;;;;;;27870.67;;0.00;0.00;0.00;0.00;1;BV14075A;;SI;NO;;;;;Auto;SI;;;;
correa-distr-mwm-s10-2-8-tdi-14-167-d-200hp;Correa Distr Mwm S10 2.8 Tdi 14/ 167 D 200hp;;;;;;;;133836.67;;0.00;0.00;0.00;0.00;1;C10911933O;;SI;NO;;;;;Auto;SI;;;;
valvula-flujo-aceite-block-sonic-general-motors;Valvula Flujo Aceite Block Sonic General Motors;;;;;;;;28280.71;;0.00;0.00;0.00;0.00;1;90530050;;SI;NO;;;;;Auto;SI;;;;
buje-barra-estab-capemi-1699-amarok;Buje Barra Estab.capemi 1699 Amarok;;;;;;;;11847.19;;0.00;0.00;0.00;0.00;1;2H0411313B-C;;SI;NO;;;;;Auto;SI;;;;
faro-trasero-derecho-exterior-fitam-classic-2010;Faro Trasero Derecho Exterior -fitam- Classic 2010/;;;;;;;;22260.06;;0.00;0.00;0.00;0.00;1;C94509639F;;SI;NO;;;;;Auto;SI;;;;
codo-conexion-emb-skf-vk5401105-tracker-corsa-03;Codo Conexion Emb.-skf-vk5401105-tracker Corsa 03/;;;;;;;;49948.65;;0.00;0.00;0.00;0.00;1;C7214001-S;;SI;NO;;;;;Auto;SI;;;;
cano-inferior-radiador-13057-agile-1-4;Caño Inferior Radiador -13057- Agile 1.4;;;;;;;;20458.34;;0.00;0.00;0.00;0.00;1;C12105155C;;SI;NO;;;;;Auto;SI;;;;
valvula-control-canister-corsa-ii-meriva;Valvula Control Canister Corsa Ii/meriva;;;;;;;;37352.39;;0.00;0.00;0.00;0.00;1;93397793;;SI;NO;;;;;Auto;SI;;;;
tapa-superior-flotante-chevrolet-meriva-todos-02-04;Tapa Superior Flotante Chevrolet Meriva Todos 02/04;;;;;;;;46512.04;;0.00;0.00;0.00;0.00;1;19027F;;SI;NO;;;;;Auto;SI;;;;
filtro-aceite-toyota-2640563-acdelco-hilux-corolla;Filtro Aceite Toyota 2640563 Acdelco Hilux/corolla;;;;;;;;28724.29;;0.00;0.00;0.00;0.00;1;T1155612-A;;SI;NO;;;;;Auto;SI;;;;
rotula-suspension-skf-vkds-4930-a-classic-10;Rotula Suspension Skf Vkds 4930 A Classic 10/;;;;;;;;36359.45;;0.00;0.00;0.00;0.00;1;VKDS 4930 A;;SI;NO;;;;;Auto;SI;;;;
filtro-aire-acdelco-sonic-spin-cobalt-acdelco;Filtro Aire Acdelco Sonic/spin/cobalt Acdelco;;;;;;;;11036.1;;0.00;0.00;0.00;0.00;1;19350509;;SI;NO;;;;;Auto;SI;;;;
electrobomba-combustible-bosch-4-2bar-vw-fox-tre;Electrobomba Combustible Bosch (4.2bar) Vw Fox Tre;;;;;;;;253,890.56;;0.00;0.00;0.00;0.00;1;580453481;;SI;NO;;;;;Auto;SI;;;;
filtro-aceite-original-ventop-2-0-polo-2-scirocco-1;Filtro Aceite (original) Ventop 2.0 Polo 2 Scirocco 1;;;;;;;;35995.61;;0.00;0.00;0.00;0.00;1;03C115561H--;;SI;NO;;;;;Auto;SI;;;;
tensor-correa-dist-aveo;Tensor Correa Dist Aveo;;;;;;;;56436.61;;0.00;0.00;0.00;0.00;1;25183772;;SI;NO;;;;;Auto;SI;;;;
tensor-correa-d-h-corsa-ii-meriva-general-motors;Tensor Correa D/h Corsa Ii/meriva General Motors;;;;;;;;36499.64;;0.00;0.00;0.00;0.00;1;24591479;;SI;NO;;;;;Auto;SI;;;;
crapodina-embrague-hidr-astra-99-tdsl;Crapodina Embrague Hidr. Astra 99/ Tdsl;;;;;;;;73936.93;;0.00;0.00;0.00;0.00;1;C1411659-I;;SI;NO;;;;;Auto;SI;;;;
tapa-de-valvulas-s-10-astra-vect-zafira;Tapa De Valvulas S-10/astra/vect/zafira**;;;;;;;;55124.48;;0.00;0.00;0.00;0.00;1;C1036492-I;;SI;NO;;;;;Auto;SI;;;;
flotante-c-bomba-comb-bosch-classic-1-4-agile1-4;Flotante C/bomba Comb Bosch Classic 1.4/agile1.4**;;;;;;;;683,445.62;;0.00;0.00;0.00;0.00;1;580313180;;SI;NO;;;;;Auto;SI;;;;
interruptor-pedal-emb-aveo;Interruptor Pedal Emb Aveo;;;;;;;;33986.38;;0.00;0.00;0.00;0.00;1;96892524;;SI;NO;;;;;Auto;SI;;;;
circuito-impreso-imp-faro-trasero-izquierda-onix-13;Circuito Impreso Imp. Faro Trasero Izquierda Onix 13/;;;;;;;;58600.05;;0.00;0.00;0.00;0.00;1;C94525717I;;SI;NO;;;;;Auto;SI;;;;
cable-embrague-original-corsa-largo-97-00;Cable Embrague -original- Corsa Largo 97/00;;;;;;;;34129.3;;0.00;0.00;0.00;0.00;1;C72133512O;;SI;NO;;;;;Auto;SI;;;;
kit-palanca-cambios-y-gatillo-gris-adap-agile;Kit Palanca Cambios Y Gatillo Gris Adap. Agile;;;;;;;;41382.49;;0.00;0.00;0.00;0.00;1;C7111179GA;;SI;NO;;;;;Auto;SI;;;;
kit-de-led-c6-mini-sin-cooler-h4-6-gen-20000lm-chi;Kit De Led C6 Mini Sin Cooler H4 6 Gen 20000lm Chi;;;;;;;;22361.87;;0.00;0.00;0.00;0.00;1;C6MINI-H4;;SI;NO;;;;;Auto;SI;;;;
kit-de-distribucion-trend-voyage-fox-suran-poly-v;Kit De Distribucion Trend Voyage Fox Suran Poly V;;;;;;;;131555.4;;0.00;0.00;0.00;0.00;1;VKMA 01107 A1;;SI;NO;;;;;Auto;SI;;;;
tapa-de-valvulas-aveo-cruze-sonic-tracker;Tapa De Valvulas Aveo/cruze/sonic/tracker;;;;;;;;97462.07;;0.00;0.00;0.00;0.00;1;C1036493-I;;SI;NO;;;;;Auto;SI;;;;
correa-distrib-171x24-continental-vectra-2-2-16v;Correa Distrib.171x24-continental-vectra 2.2 16v**;;;;;;;;85247.5;;0.00;0.00;0.00;0.00;1;C10911915C;;SI;NO;;;;;Auto;SI;;;;
sop-motor-trasero-adap-aveo;Sop.motor Trasero Adap. Aveo;;;;;;;;72063.22;;0.00;0.00;0.00;0.00;1;40083;;SI;NO;;;;;Auto;SI;;;;
selectora-imp-aveo-10;Selectora Imp. Aveo 10/;;;;;;;;34951.94;;0.00;0.00;0.00;0.00;1;C71102323I;;SI;NO;;;;;Auto;SI;;;;
correa-distrib-z135-continentaltrend-voyage-fox-1;Correa Distrib Z=135 Continentaltrend Voyage Fox 1;;;;;;;;39192.54;;0.00;0.00;0.00;0.00;1;030109119ABC;;SI;NO;;;;;Auto;SI;;;;
kit-palanca-cambios-y-gatillo-negro-adap-agile;Kit Palanca Cambios Y Gatillo Negro Adap. Agile;;;;;;;;41382.49;;0.00;0.00;0.00;0.00;1;C7111179NA;;SI;NO;;;;;Auto;SI;;;;
kit-fuelle-asiento-tope-cazoleta-amortig-delatero-corsa;Kit Fuelle/asiento/tope/cazoleta Amortig Delatero Corsa;;;;;;;;24673.92;;0.00;0.00;0.00;0.00;1;C41213513K;;SI;NO;;;;;Auto;SI;;;;
soporte-motor-delatero-rg1257-astra-meriva-zafira-8v;Soporte Motor Delatero Rg1257 Astra/meriva/zafira 8v;;;;;;;;0.00;;0.00;0.00;0.00;0.00;;;;SI;NO;;;;;Auto;SI;;;;
kit-de-distribucion-ina-amarok-ina-530055010-volks;Kit De Distribucion Ina Amarok Ina 530055010 Volks;;;;;;;;0.00;;0.00;0.00;0.00;0.00;;;;SI;NO;;;;;Auto;SI;;;;
escobilla-l-luneta-original-trend-fox-suran-10;Escobilla L/luneta (original) Trend/fox/suran 10/**;;;;;;;;28914.35;;0.00;0.00;0.00;0.00;1;5U6955425---;;SI;NO;;;;;Auto;SI;;;;
aceite-1-lt-total-transmision-bv-75w80-botella;Aceite 1 Lt. Total Transmision Bv 75w80 Botella**;;;;;;;;22801.23;;0.00;0.00;0.00;0.00;1;TOT-1080;;SI;NO;;;;;Auto;SI;;;;
filtro-gas-oil-t-original-amarok;Filtro Gas Oil (t/original) Amarok;;;;;;;;22873.18;;0.00;0.00;0.00;0.00;1;2H0127401AX-;;SI;NO;;;;;Auto;SI;;;;
conector-agua-trasero-importado-amarok-2-0-bitdi;Conector Agua Trasero Importado Amarok 2.0 Bitdi;;;;;;;;58953.31;;0.00;0.00;0.00;0.00;1;03L121131MAI;;SI;NO;;;;;Auto;SI;;;;
kit-de-led-c6-mini-sin-cooler-h7-6-gen-20000lm-chi;Kit De Led C6 Mini Sin Cooler H7 6 Gen 20000lm Chi;;;;;;;;19961.92;;0.00;0.00;0.00;0.00;1;C6MINI-H7;;SI;NO;;;;;Auto;SI;;;;
tensor-correa-dist-s-10-2-8-12-200hp;Tensor Correa Dist S/10 2.8 12/ 200hp;;;;;;;;55186.73;;0.00;0.00;0.00;0.00;1;12644510;;SI;NO;;;;;Auto;SI;;;;
cano-inferior-radiador-4707-astra-99-8v;Caño Inferior Radiador -4707- Astra 99/ 8v;;;;;;;;18817.72;;0.00;0.00;0.00;0.00;1;C12105130C;;SI;NO;;;;;Auto;SI;;;;
filtro-aire-chevr-cruze-1-4t;Filtro Aire Chevr.cruze 1.4t;;;;;;;;21733.97;;0.00;0.00;0.00;0.00;1;MF LX301514;;SI;NO;;;;;Auto;SI;;;;
cable-comando-cambios-marcha-4368-cobalt-onix-pri;Cable Comando Cambios Marcha 4368 Cobalt/onix/pri;;;;;;;;153855.64;;0.00;0.00;0.00;0.00;1;C71126514F;;SI;NO;;;;;Auto;SI;;;;
cilindro-puerta-delantera-trailblazer-s10-12-vir;Cilindro Puerta Delantera Trailblazer/s10 12/ (vir;;;;;;;;109490.93;;0.00;0.00;0.00;0.00;1;13580508;;SI;NO;;;;;Auto;SI;;;;
faro-trasero-derecho-fitam-corsa-99-4-p;Faro Trasero Derecho -fitam- Corsa 99/ 4 P;;;;;;;;26394.75;;0.00;0.00;0.00;0.00;1;C9450966-F;;SI;NO;;;;;Auto;SI;;;;
tapa-superior-flotante-chevrolet-todos-07-2009;Tapa Superior Flotante Chevrolet Todos 07-2009/;;;;;;;;35083.26;;0.00;0.00;0.00;0.00;1;19015F;;SI;NO;;;;;Auto;SI;;;;
sensor-velocimetro-7801-quantum-gol-ab9;Sensor Velocimetro (7801) Quantum-gol Ab9;;;;;;;;22476.48;;0.00;0.00;0.00;0.00;1;3259578271-F;;SI;NO;;;;;Auto;SI;;;;
sapito-limpiaparabrisas-trailblazer-s10-12-genera;Sapito Limpiaparabrisas Trailblazer/s10 12/ Genera;;;;;;;;16287.22;;0.00;0.00;0.00;0.00;1;20820073;;SI;NO;;;;;Auto;SI;;;;
emblema-bigotera-grilla-astra-03;Emblema (bigotera) Grilla Astra 03/;;;;;;;;72895.48;;0.00;0.00;0.00;0.00;1;93328725;;SI;NO;;;;;Auto;SI;;;;
kit-palanca-cambios-completo-corsa-05;Kit Palanca Cambios Completo Corsa 05/;;;;;;;;40613.99;;0.00;0.00;0.00;0.00;1;C7111177-C;;SI;NO;;;;;Auto;SI;;;;
tensor-poly-v-skf-vkm-31008-amarok;Tensor Poly V -skf-vkm 31008) Amarok**;;;;;;;;75086.33;;0.00;0.00;0.00;0.00;1;03G145276--S;;SI;NO;;;;;Auto;SI;;;;
ruleman-cazoleta-polo-00-fox;Ruleman Cazoleta Polo 00/-fox;;;;;;;;29716.91;;0.00;0.00;0.00;0.00;1;6N0412249C--;;SI;NO;;;;;Auto;SI;;;;
carcaza-filtro-aire-corsa-nafta-classic;Carcaza Filtro Aire Corsa Nafta / Classic;;;;;;;;105955.85;;0.00;0.00;0.00;0.00;1;93313695;;SI;NO;;;;;Auto;SI;;;;
juego-past-freno-19pf1013-acdelco-s-10-blaz-95;Juego Past Freno (19pf1013) Acdelco S-10/blaz 95/;;;;;;;;47927.5;;0.00;0.00;0.00;0.00;1;C69815110O;;SI;NO;;;;;Auto;SI;;;;
cazoleta-amort-delatero-erghom-vectra-astra-corsa;Cazoleta Amort Delatero Erghom Vectra/astra/corsa/;;;;;;;;26885.97;;0.00;0.00;0.00;0.00;1;C4123313-I;;SI;NO;;;;;Auto;SI;;;;
manguera-ent-rad-onix-prisma;Manguera Ent Rad Onix Prisma;;;;;;;;38166.76;;0.00;0.00;0.00;0.00;1;52114729;;SI;NO;;;;;Auto;SI;;;;
correa-distrib-z135-hutchinson-vw-trend-voyage;Correa Distrib Z=135 -hutchinson- Vw Trend Voyage;;;;;;;;48908.17;;0.00;0.00;0.00;0.00;1;030109119--H;;SI;NO;;;;;Auto;SI;;;;
polea-intermedia-correa-alternador-trailblazer-s10;Polea Intermedia Correa Alternador Trailblazer/s10;;;;;;;;23176.16;;0.00;0.00;0.00;0.00;1;24590404;;SI;NO;;;;;Auto;SI;;;;
rotula-suspension-derecho-skf-vkds4916a-fox-trend-voyage;Rotula Suspension Derecho Skf (vkds4916a) Fox/trend/voyage;;;;;;;;38125.59;;0.00;0.00;0.00;0.00;1;5U0407366A-S;;SI;NO;;;;;Auto;SI;;;;
correa-alt-s-10-12-6pk2870;Correa Alt S/10 12/ 6pk2870;;;;;;;;56585.34;;0.00;0.00;0.00;0.00;1;24581174;;SI;NO;;;;;Auto;SI;;;;
polea-fija-de-re-envio-dayco-fox-17-x-76-x-26;Polea Fija De Re-envio (dayco) Fox 17 X 76 X 26;;;;;;;;22010.17;;0.00;0.00;0.00;0.00;1;032145276--R;;SI;NO;;;;;Auto;SI;;;;
base-filtro-de-aceite-completa-amarok;Base Filtro De Aceite Completa Amarok;;;;;;;;92891.25;;0.00;0.00;0.00;0.00;1;03L115389H-I;;SI;NO;;;;;Auto;SI;;;;
palanca-cambios-completa-onix-prisma-13-16-general;Palanca Cambios Completa Onix/prisma 13/16 General;;;;;;;;249378.07;;0.00;0.00;0.00;0.00;1;24582360;;SI;NO;;;;;Auto;SI;;;;
inyector-lubricacion-aceite-piston-sonic;Inyector Lubricacion Aceite Piston Sonic;;;;;;;;51694.29;;0.00;0.00;0.00;0.00;1;55564441;;SI;NO;;;;;Auto;SI;;;;
juego-reten-valvula-toyota-1zz-fe-naft-corolla-1-8-16v-in;Juego Reten Valvula Toyota 1zz-fe Naft Corolla 1.8 16v In;;;;;;;;34715.86;;0.00;0.00;0.00;0.00;1;RVT1ZZ-FE;;SI;NO;;;;;Auto;SI;;;;
cano-inferior-radiador-bifurc-5422-s-10-06-c-mwm;Caño Inferior Radiador -bifurc-5422- S-10 06/ C-mwm;;;;;;;;30835.76;;0.00;0.00;0.00;0.00;1;C12105142C;;SI;NO;;;;;Auto;SI;;;;
bobina-chevr-tracker-1-8-16v-sonic;Bobina Chevr.tracker 1.8 16v Sonic;;;;;;;;298200.26;;0.00;0.00;0.00;0.00;1;U5 MIC00015;;SI;NO;;;;;Auto;SI;;;;
tensor-correa-poly-v-onix-prisma-cobal-spin;Tensor Correa Poly-v Onix Prisma Cobal Spin;;;;;;;;52057.16;;0.00;0.00;0.00;0.00;1;94702968;;SI;NO;;;;;Auto;SI;;;;
crapodina-embrague-ori-cruze-sonic-tracker;Crapodina Embrague -ori/cruze/sonic/tracker;;;;;;;;300425.43;;0.00;0.00;0.00;0.00;1;25202592;;SI;NO;;;;;Auto;SI;;;;
tapa-superior-bomba-flotante-c-bba-corsa-classic-celta;Tapa Superior Bomba Flotante C/bba Corsa /classic/celta;;;;;;;;17168.55;;0.00;0.00;0.00;0.00;1;C91909111I;;SI;NO;;;;;Auto;SI;;;;
ruleman-empuje-trailblazer-s10-2-8-12-general-mot;Ruleman Empuje Trailblazer/s10 2.8 12/ General Mot;;;;;;;;73080.8;;0.00;0.00;0.00;0.00;1;24046020;;SI;NO;;;;;Auto;SI;;;;
filtro-aceite-spark;Filtro Aceite Spark;;;;;;;;13338.72;;0.00;0.00;0.00;0.00;1;25183779;;SI;NO;;;;;Auto;SI;;;;
cable-comando-cambio-3790-largo-corsa-05-fun;Cable Comando Cambio 3790 Largo Corsa 05/fun;;;;;;;;30626.49;;0.00;0.00;0.00;0.00;1;C7112651-F;;SI;NO;;;;;Auto;SI;;;;
buje-parrilla-suspension-inferior-capemi-1701-post-amarok;Buje Parrilla Suspension Inferior Capemi 1701 Post. Amarok;;;;;;;;34656.03;;0.00;0.00;0.00;0.00;1;2H0407182A-C;;SI;NO;;;;;Auto;SI;;;;
kit-distribucion-fluence-meg3-k4m-skf6021a;Kit Distribucion Fluence/meg3 K4m Skf6021a;;;;;;;;238235;;0.00;0.00;0.00;0.00;1;R10911922S;;SI;NO;;;;;Auto;SI;;;;
crapodina-embrague-hidra-ina-meriva-corsa-ii;Crapodina Embrague Hidra.ina Meriva/corsa Ii**;;;;;;;;139809.5;;0.00;0.00;0.00;0.00;1;510007310;;SI;NO;;;;;Auto;SI;;;;
faro-trasero-derecho-exterior-classic-10;Faro Trasero Derecho Exterior Classic 10/;;;;;;;;24511.13;;0.00;0.00;0.00;0.00;1;C94509639A;;SI;NO;;;;;Auto;SI;;;;
tapa-de-valvulas-adap-corsa-99-fun-mer-cor-ii-8v;Tapa De Valvulas Adap. Corsa 99/fun/mer/cor Ii 8v;;;;;;;;48396.55;;0.00;0.00;0.00;0.00;1;C1036491-A;;SI;NO;;;;;Auto;SI;;;;
tubo-rigido-0021-mlh-gol-1-6-1-8-efi;Tubo Rigido (0021)-mlh- Gol 1.6/1.8 Efi;;;;;;;;16492.93;;0.00;0.00;0.00;0.00;1;377121065J-M;;SI;NO;;;;;Auto;SI;;;;
pasarrueda-plast-delatero-izquierda-onix-prisma-14;Pasarrueda Plast. Delatero Izquierda Onix/prisma 14/;;;;;;;;28365.07;;0.00;0.00;0.00;0.00;1;C8099619-I;;SI;NO;;;;;Auto;SI;;;;
sensor-velocimetro-electronico-vdo-corsa;Sensor Velocimetro ( Electronico ) Vdo- Corsa**;;;;;;;;42799.33;;0.00;0.00;0.00;0.00;1;C9578272-V;;SI;NO;;;;;Auto;SI;;;;
moldura-guard-trasero-derecho-adaptable-classic;Moldura Guard Trasero Derecho Adaptable Classic;;;;;;;;17971.03;;0.00;0.00;0.00;0.00;1;C8079668-A;;SI;NO;;;;;Auto;SI;;;;
kit-distribucion-ina530014710-astra-1-8-8v;Kit Distribucion -ina530014710-astra 1.8 8v;;;;;;;;99075.64;;0.00;0.00;0.00;0.00;1;C1091007-K;;SI;NO;;;;;Auto;SI;;;;
tensor-correa-dist-s-10-2-8-12-180hp;Tensor Correa Dist S/10 2.8 12/ 180hp;;;;;;;;50203.44;;0.00;0.00;0.00;0.00;1;12625560;;SI;NO;;;;;Auto;SI;;;;
filtro-aceite-s-10-12;Filtro Aceite S/10 12/;;;;;;;;20660.98;;0.00;0.00;0.00;0.00;1;12636838;;SI;NO;;;;;Auto;SI;;;;
tensor-correa-alternador-trailblazer-s10-12-gener;Tensor Correa Alternador Trailblazer/s10 12/ Gener;;;;;;;;86311.68;;0.00;0.00;0.00;0.00;1;24588988;;SI;NO;;;;;Auto;SI;;;;
cjto-peug-206-1-4-8v-citr-c3;Cjto.peug.206 1.4-8v Citr.c3;;;;;;;;174076.59;;0.00;0.00;0.00;0.00;1;KM K44060;;SI;NO;;;;;Auto;SI;;;;
tensor-correa-alternador-astra-vectra-zafira-fun-c;Tensor Correa Alternador Astra/vectra/zafira/fun/c;;;;;;;;80001.47;;0.00;0.00;0.00;0.00;1;24412292;;SI;NO;;;;;Auto;SI;;;;
polea-fija-de-re-envio-t-originalfox-suran-trend-voy;Polea Fija De Re-envio (t/original)fox/suran/trend/voy;;;;;;;;25731.3;;0.00;0.00;0.00;0.00;1;032145276X--;;SI;NO;;;;;Auto;SI;;;;
pastillas-freno-delantero-onix-1-0-1-2-20-acdelco;Pastillas Freno Delantero Onix 1.0/1.2 20/ Acdelco;;;;;;;;39785.32;;0.00;0.00;0.00;0.00;1;19283184;;SI;NO;;;;;Auto;SI;;;;
manguera-superior-radiador-classic-11;Manguera Superior Radiador Classic 11/;;;;;;;;25952.14;;0.00;0.00;0.00;0.00;1;94722529;;SI;NO;;;;;Auto;SI;;;;
palanca-cambios-sola-adaptable-agile;Palanca Cambios Sola Adaptable Agile;;;;;;;;34067.29;;0.00;0.00;0.00;0.00;1;C7111179-A;;SI;NO;;;;;Auto;SI;;;;
deflector-agua-pasarrueda-derecho-onix-prisma-general;Deflector Agua Pasarrueda Derecho Onix/prisma General;;;;;;;;56234.57;;0.00;0.00;0.00;0.00;1;52038200;;SI;NO;;;;;Auto;SI;;;;
cano-de-tubo-rig-bomba-enfreno-4327-polo-dsl;Caño De Tubo Rig/bomba/enfreno (4327) Polo Dsl;;;;;;;;30440.43;;0.00;0.00;0.00;0.00;1;037122058--C;;SI;NO;;;;;Auto;SI;;;;
filtro-gas-oil-s-10-12-kit-x2-unidades;Filtro Gas Oil S/10 12/ (kit X2 Unidades);;;;;;;;82737.51;;0.00;0.00;0.00;0.00;1;52100212;;SI;NO;;;;;Auto;SI;;;;
flexible-freno-delantero-meriva-astra-vec;Flexible Freno Delantero Meriva Astra Vec;;;;;;;;16612.57;;0.00;0.00;0.00;0.00;1;C61170123-;;SI;NO;;;;;Auto;SI;;;;
correa-poly-v-acc-bomba-d-h-cruze-sonic-1-6-16v-tr;Correa Poly V Acc Bomba D/h Cruze/sonic 1.6 16v/tr;;;;;;;;21929.43;;0.00;0.00;0.00;0.00;1;25195582;;SI;NO;;;;;Auto;SI;;;;
circuito-impreso-imp-faro-trasero-derecho-prisma-13;Circuito Impreso Imp. Faro Trasero Derecho Prisma 13/;;;;;;;;55515.98;;0.00;0.00;0.00;0.00;1;C94525818I;;SI;NO;;;;;Auto;SI;;;;
buje-eje-trasero-spin-sonic;Buje Eje Trasero Spin/sonic;;;;;;;;30259.99;;0.00;0.00;0.00;0.00;1;95910101;;SI;NO;;;;;Auto;SI;;;;
radiador-chevrolet-onix-prisma-spin-cobalt-16;Radiador Chevrolet Onix/prisma/spin/cobalt 16/-;;;;;;;;414541.63;;0.00;0.00;0.00;0.00;1;62535;;SI;NO;;;;;Auto;SI;;;;
tapon-orif-paso-agua-mult-adm-onix-prisma;Tapon Orif Paso Agua Mult Adm Onix Prisma;;;;;;;;11280.69;;0.00;0.00;0.00;0.00;1;24579936;;SI;NO;;;;;Auto;SI;;;;
electrobomba-comb-ralux-becd134-blazer-2-8td-s10;Electrobomba Comb.ralux Becd134 Blazer 2.8td/s10;;;;;;;;54456.2;;0.00;0.00;0.00;0.00;1;BECD134;;SI;NO;;;;;Auto;SI;;;;
cano-filtro-aire-4922-s10-blazer-mwm-2-8-td-00-05;Caño Filtro Aire-4922- S10/blazer Mwm 2.8 Td 00/05;;;;;;;;27178.95;;0.00;0.00;0.00;0.00;1;C12961519C;;SI;NO;;;;;Auto;SI;;;;
bombas-de-agua-maza-3-tornillos-cruze-tracker-1-8;Bombas De Agua Maza 3 Tornillos Cruze/tracker 1.8/;;;;;;;;107550.49;;0.00;0.00;0.00;0.00;1;O263;;SI;NO;;;;;Auto;SI;;;;
faro-trasero-izquierdo-exterior-fitam-classic-2010;Faro Trasero Izquierdo Exterior-fitam- Classic 2010/;;;;;;;;22260.06;;0.00;0.00;0.00;0.00;1;C94509539F;;SI;NO;;;;;Auto;SI;;;;
cano-superior-radiador-13321-cruze-m1-8;Caño Superior Radiador -13321- Cruze M1.8;;;;;;;;11859.91;;0.00;0.00;0.00;0.00;1;C12110190C;;SI;NO;;;;;Auto;SI;;;;
tapa-superior-bomba-flotante-c-bba-corsa-1-4-07-1-8-m;Tapa Superior Bomba Flotante C/bba Corsa 1.4 07/ 1.8 M;;;;;;;;19018.99;;0.00;0.00;0.00;0.00;1;C91909114I;;SI;NO;;;;;Auto;SI;;;;
rotula-corsa-98-2009-prisma-i-avan;Rotula Corsa 98/2009- Prisma I Avan;;;;;;;;18016.51;;0.00;0.00;0.00;0.00;1;981631;;SI;NO;;;;;Auto;SI;;;;
soporte-motor-derecho-comp-rg-1275-sonic-spin-cobalt;Soporte Motor Derecho Comp.rg 1275 Sonic/spin/cobalt;;;;;;;;209315.29;;0.00;0.00;0.00;0.00;1;C19938182C;;SI;NO;;;;;Auto;SI;;;;
kit-palanca-cambios-y-desplazable-corsa-05;Kit Palanca Cambios Y Desplazable Corsa 05/;;;;;;;;27341.67;;0.00;0.00;0.00;0.00;1;C7111177--;;SI;NO;;;;;Auto;SI;;;;
tubo-radiador-aceite-trailblazer-s10-12-general-m;Tubo Radiador Aceite Trailblazer/s10 12/ General M;;;;;;;;112434.85;;0.00;0.00;0.00;0.00;1;12628104;;SI;NO;;;;;Auto;SI;;;;
tapa-faro-antiniebla-izquierdo-classic-10;Tapa Faro Antiniebla Izquierdo Classic 10/**;;;;;;;;8824.15;;0.00;0.00;0.00;0.00;1;C8536651-P;;SI;NO;;;;;Auto;SI;;;;
sensor-rpm-hellux-chevrolet-agile-cobalt-onix;Sensor Rpm Hellux Chevrolet Agile / Cobalt / Onix;;;;;;;;53787.14;;0.00;0.00;0.00;0.00;1;HE12588992;;SI;NO;;;;;Auto;SI;;;;
plato-cubre-cazoleta-golf-iv-bora;Plato Cubre Cazoleta Golf Iv/bora;;;;;;;;11353.57;;0.00;0.00;0.00;0.00;1;1J0412319C--;;SI;NO;;;;;Auto;SI;;;;
tapa-superior-bomba-flotante-c-bba-corsa-1-8-mpfi-02-05;Tapa Superior Bomba Flotante C/bba Corsa 1.8 Mpfi 02/05;;;;;;;;20201.85;;0.00;0.00;0.00;0.00;1;C91909115I;;SI;NO;;;;;Auto;SI;;;;
kit-leva-selectora-cbios-corsa-class-fun-agile;Kit Leva Selectora Cbios Corsa Class/fun/agile;;;;;;;;67209.72;;0.00;0.00;0.00;0.00;1;C7110306E1;;SI;NO;;;;;Auto;SI;;;;
inyector-combustible-cruze-1-4-t-equinox-1-5-t-gen;Inyector Combustible Cruze 1.4 T/equinox 1.5 T Gen;;;;;;;;437045.05;;0.00;0.00;0.00;0.00;1;55577403;;SI;NO;;;;;Auto;SI;;;;
temporizador-gm-corsa-vidrio-elec-12v-4tt0337;Temporizador Gm Corsa Vidrio Elec.12v 4t(t0337);;;;;;;;41851.51;;0.00;0.00;0.00;0.00;1;C955531--B;;SI;NO;;;;;Auto;SI;;;;
cano-inferior-radiador-13003-cruze-1-6-16v-10;Caño Inferior Radiador -13003- Cruze 1.6 16v 10/;;;;;;;;14316.88;;0.00;0.00;0.00;0.00;1;C12105161C;;SI;NO;;;;;Auto;SI;;;;
brazo-l-luneta-original-fun-meriva-corsa-ii-5p-04;Brazo L/luneta -original- Fun/meriva/corsa Ii 5p 04/**;;;;;;;;39006.29;;0.00;0.00;0.00;0.00;1;C9557075-O;;SI;NO;;;;;Auto;SI;;;;
correa-distr-127-x-254-hutchinson-1-6-16v-aveo;Correa Distr.127 X 254 Hutchinson 1.6 16v Aveo **;;;;;;;;88921.1;;0.00;0.00;0.00;0.00;1;C10911922H;;SI;NO;;;;;Auto;SI;;;;
soporte-sensor-ciguenal-original-corsa-8v;Soporte Sensor Ciguenal -original- Corsa 8v**;;;;;;;;14760.29;;0.00;0.00;0.00;0.00;1;C9073171-O;;SI;NO;;;;;Auto;SI;;;;
kit-poly-v-amarok-2-0-tdi-bitdi-10-skf-kits-poly;Kit Poly V Amarok 2.0 Tdi/bitdi 10 Skf Kits Poly;;;;;;;;318776.61;;0.00;0.00;0.00;0.00;1;03G145276A-S;;SI;NO;;;;;Auto;SI;;;;
ruleman-empuje-astra-vectra-zafira-2-0-8v-onix-pri;Ruleman Empuje Astra/vectra/zafira 2.0 8v/onix/pri;;;;;;;;160692.07;;0.00;0.00;0.00;0.00;1;CSC3110;;SI;NO;;;;;Auto;SI;;;;
cano-admision-aire-cobal-spin-12-16;Caño Admision Aire Cobal Spin 12/16;;;;;;;;44240.19;;0.00;0.00;0.00;0.00;1;C12961524I;;SI;NO;;;;;Auto;SI;;;;
electrobomba-combustible-chevrolet-spin-1-8;Electrobomba Combustible Chevrolet Spin 1.8;;;;;;;;57184.81;;0.00;0.00;0.00;0.00;1;64028F;;SI;NO;;;;;Auto;SI;;;;
buje-parrilla-suspension-delatero-brazo-gde-capemi-1813-onix;Buje Parrilla Suspension Delatero Brazo Gde Capemi 1813 Onix;;;;;;;;26109.83;;0.00;0.00;0.00;0.00;1;C40718121C;;SI;NO;;;;;Auto;SI;;;;
manija-tapa-tras;Manija Tapa Tras;;;;;;;;48816.9;;0.00;0.00;0.00;0.00;1;84641754;;SI;NO;;;;;Auto;SI;;;;
sensor-de-presion-bosch-map-corsa-astra-vec-s10;Sensor De Presion Bosch Map Corsa/astra/vec/s10**;;;;;;;;103118.53;;0.00;0.00;0.00;0.00;1;F00099P169;;SI;NO;;;;;Auto;SI;;;;
kit-dist-chevr-corsa-agile-1-4-1-8;Kit Dist.chevr.corsa-agile 1.4/1.8;;;;;;;;89182.62;;0.00;0.00;0.00;0.00;1;5300630100A1;;SI;NO;;;;;Auto;SI;;;;
tapa-deposito-l-parab-spin-sonic-prisma-onix;Tapa Deposito L/parab Spin/sonic/prisma/onix;;;;;;;;21475.49;;0.00;0.00;0.00;0.00;1;13227300;;SI;NO;;;;;Auto;SI;;;;
sop-trasero-adap-prisma-onix-spin;Sop.trasero Adap.prisma Onix Spin;;;;;;;;63289.22;;0.00;0.00;0.00;0.00;1;40084;;SI;NO;;;;;Auto;SI;;;;
cano-tubo-rigido-4709-astra-99-16v;Caño Tubo Rigido -4709- Astra 99/ 16v;;;;;;;;18351.23;;0.00;0.00;0.00;0.00;1;C12110921C;;SI;NO;;;;;Auto;SI;;;;
polea-tensor-poly-v-plast-s10-2-8-fijo-lateral;Polea Tensor Poly V Plast. S10 2.8 Fijo Lateral;;;;;;;;31355.28;;0.00;0.00;0.00;0.00;1;C10924365R;;SI;NO;;;;;Auto;SI;;;;
correa-distribucion-meriva-corsa-i-i-8v-fun-agil;Correa Distribucion Meriva Corsa / I I 8v Fun Agil;;;;;;;;23810.27;;0.00;0.00;0.00;0.00;1;88904447;;SI;NO;;;;;Auto;SI;;;;
extremo-chevrolet-tracker-13-tiper;Extremo Chevrolet Tracker 13/ Tiper;;;;;;;;30988.77;;0.00;0.00;0.00;0.00;1;TI46072;;SI;NO;;;;;Auto;SI;;;;
faro-trasero-izquierdo-fitam-corsa-99-3p;Faro Trasero Izquierdo -fitam- Corsa 99/ 3p;;;;;;;;26394.75;;0.00;0.00;0.00;0.00;1;C94509536F;;SI;NO;;;;;Auto;SI;;;;
bomba-l-p-electr-corsa-4p;Bomba L/p Electr Corsa 4p;;;;;;;;40431.87;;0.00;0.00;0.00;0.00;1;94700314;;SI;NO;;;;;Auto;SI;;;;
correa-alt-agile-montana-c-aa-5pk-1781;Correa Alt Agile Montana C/aa 5pk 1781;;;;;;;;17040.76;;0.00;0.00;0.00;0.00;1;94716756;;SI;NO;;;;;Auto;SI;;;;
polea-tensora-poly-v-skf-vkm05022-a-cor-mer-1-8;Polea Tensora Poly V Skf-vkm05022 A- Cor/mer 1.8**;;;;;;;;119360.49;;0.00;0.00;0.00;0.00;1;C10924341S;;SI;NO;;;;;Auto;SI;;;;
cano-cuerpo-mariposa-a-termostato-sonic-tracker;Caño Cuerpo Mariposa A Termostato Sonic/tracker;;;;;;;;16877.34;;0.00;0.00;0.00;0.00;1;C12106328P;;SI;NO;;;;;Auto;SI;;;;
correa-distribucion-s-10-2-8-12-180hp;Correa Distribucion S/10 2.8 12/ 180hp;;;;;;;;110926.96;;0.00;0.00;0.00;0.00;1;12625215;;SI;NO;;;;;Auto;SI;;;;
toma-filtro-aire-corsa-nafta-diesel;Toma Filtro Aire Corsa Nafta / Diesel;;;;;;;;15462.47;;0.00;0.00;0.00;0.00;1;93319842;;SI;NO;;;;;Auto;SI;;;;
tapa-deposito-agua-original-aveo;Tapa Deposito Agua -original- Aveo;;;;;;;;29049.91;;0.00;0.00;0.00;0.00;1;C12132113O;;SI;NO;;;;;Auto;SI;;;;
polea-tensor-polyv-agile-1-4-corsa-classic-5;Polea Tensor Polyv Agile 1.4 Corsa Classic 5;;;;;;;;26636.89;;0.00;0.00;0.00;0.00;1;C10924375R;;SI;NO;;;;;Auto;SI;;;;
oring-tapa-valvulas-cruze-captiva-2-0-diesel-ge;O'ring Tapa Valvulas Cruze / Captiva 2.0 Diesel Ge;;;;;;;;42812.98;;0.00;0.00;0.00;0.00;1;96440307;;SI;NO;;;;;Auto;SI;;;;
manija-puerta-del-trasero-cromada-aveo;Manija Puerta Del/trasero Cromada Aveo;;;;;;;;68376.62;;0.00;0.00;0.00;0.00;1;96468266;;SI;NO;;;;;Auto;SI;;;;
correa-distrib-continental-137-x-254-dsl1-9-00;Correa Distrib.-continental-137 X 254 Dsl1.9 /00**;;;;;;;;71190.83;;0.00;0.00;0.00;0.00;1;028109119--C;;SI;NO;;;;;Auto;SI;;;;
sensor-ciguenal-s10-blazer-2-8-fiat-1-9-jtd;Sensor Cigueñal S10/ Blazer 2.8/ Fiat 1.9 Jtd;;;;;;;;52609.75;;0.00;0.00;0.00;0.00;1;30065F;;SI;NO;;;;;Auto;SI;;;;
faro-trasero-izquierdo-exterior-classic10;Faro Trasero Izquierdo Exterior Classic10/;;;;;;;;24511.13;;0.00;0.00;0.00;0.00;1;C94509539A;;SI;NO;;;;;Auto;SI;;;;
rotula-suspension-izquierdo-nakata-1074-fox-trend-voy;Rotula Suspension Izquierdo Nakata 1074 Fox/trend/voy;;;;;;;;48618.33;;0.00;0.00;0.00;0.00;1;5U0407365A-D;;SI;NO;;;;;Auto;SI;;;;
soporte-ventilador-compl-r-hembra-s-10-c-mwm;Soporte Ventilador Compl (r/hembra) S-10 C/mwm;;;;;;;;151240.96;;0.00;0.00;0.00;0.00;1;C1210302--;;SI;NO;;;;;Auto;SI;;;;
tapa-distr-interior-montana-cobalt-onix-prisma;Tapa Distr Interior Montana Cobalt Onix Prisma;;;;;;;;33560.78;;0.00;0.00;0.00;0.00;1;24581536;;SI;NO;;;;;Auto;SI;;;;
kit-distribucion-ina-530055010-amarok;Kit Distribucion-ina 530055010-amarok;;;;;;;;435205.01;;0.00;0.00;0.00;0.00;1;WWW109119AOT;;SI;NO;;;;;Auto;SI;;;;
tapa-deposito-agua-aveo;Tapa Deposito Agua Aveo;;;;;;;;24992.51;;0.00;0.00;0.00;0.00;1;94539597;;SI;NO;;;;;Auto;SI;;;;
cano-filtro-aire-solo-13579-aveo-1-6;Caño Filtro Aire (solo) -13579- Aveo 1.6;;;;;;;;22082.9;;0.00;0.00;0.00;0.00;1;C12961525C;;SI;NO;;;;;Auto;SI;;;;
sensor-velocimetro-7804-fox-suran-trend;Sensor Velocimetro (7804) Fox-suran-trend;;;;;;;;31043.72;;0.00;0.00;0.00;0.00;1;5Z0919149--F;;SI;NO;;;;;Auto;SI;;;;
tapa-superior-bomba-flotante-c-bba-astra1-8-mpfi-sust-m;Tapa Superior Bomba Flotante C/bba Astra1.8 Mpfi Sust.m;;;;;;;;37267.49;;0.00;0.00;0.00;0.00;1;C9190914-I;;SI;NO;;;;;Auto;SI;;;;
bobinas-agile-cobalt-spin-5-pines;Bobinas Agile/cobalt/spin (5 Pines);;;;;;;;229827.69;;0.00;0.00;0.00;0.00;1;CE20131;;SI;NO;;;;;Auto;SI;;;;
tensor-correa-poly-v-alternador-corsa-ii-meriva-a;Tensor Correa Poly V Alternador Corsa Ii/meriva/a;;;;;;;;61600.36;;0.00;0.00;0.00;0.00;1;24582406;;SI;NO;;;;;Auto;SI;;;;
reten-bancada-c-porta-5502-sabo-polo-cad-gol-1-0;Reten Bancada C/porta (5502)-sabo-polo/cad/gol 1.0;;;;;;;;52615.73;;0.00;0.00;0.00;0.00;1;068103171F-S;;SI;NO;;;;;Auto;SI;;;;
valvula-flujo-aceite-sonic-cruze-tracker;Valvula Flujo Aceite Sonic/cruze/tracker;;;;;;;;26949.08;;0.00;0.00;0.00;0.00;1;55563957;;SI;NO;;;;;Auto;SI;;;;
bomba-embrague-9109-sonic-tracker-cobal-prisma-spi;Bomba Embrague 9109 Sonic/tracker/cobal/prisma/spi;;;;;;;;55348.03;;0.00;0.00;0.00;0.00;1;C72140529P;;SI;NO;;;;;Auto;SI;;;;
buje-eje-trasero-astra-meriva-zafira-montana;Buje Eje Trasero Astra / Meriva / Zafira/ Montana;;;;;;;;38517.19;;0.00;0.00;0.00;0.00;1;93398544;;SI;NO;;;;;Auto;SI;;;;
soporte-amortiguador-td-cobalt-onix-prisma-sonic-s;Soporte Amortiguador Td Cobalt/onix/prisma/sonic/s;;;;;;;;45831.54;;0.00;0.00;0.00;0.00;1;52082244;;SI;NO;;;;;Auto;SI;;;;
bombas-de-agua-meriva-corsa-ii-cobal-montana-fi;Bombas De Agua Meriva - Corsa Ii Cobal Montana Fi;;;;;;;;57838.46;;0.00;0.00;0.00;0.00;1;O262;;SI;NO;;;;;Auto;SI;;;;
sensor-velocimetro-7701-corsa-fun-astra-meriva;Sensor Velocimetro 7701 Corsa/fun/astra/meriva;;;;;;;;37702.8;;0.00;0.00;0.00;0.00;1;C9578278-F;;SI;NO;;;;;Auto;SI;;;;
bieleta-derecha-delantera-barra-estab-chevrolet-s10-2013;Bieleta Derecha Delantera Barra Estab Chevrolet S10 2013;;;;;;;;24878.35;;0.00;0.00;0.00;0.00;1;C41131520L;;SI;NO;;;;;Auto;SI;;;;
soporte-amortiguador-ti-cobalt-onix-prisma-sonic-s;Soporte Amortiguador Ti Cobalt/onix/prisma/sonic/s;;;;;;;;45831.54;;0.00;0.00;0.00;0.00;1;52082243;;SI;NO;;;;;Auto;SI;;;;
bieleta-izquierda-delantera-barra-estab-chevrolet-s10-2013;Bieleta Izquierda Delantera Barra Estab Chevrolet S10 2013;;;;;;;;24878.35;;0.00;0.00;0.00;0.00;1;C41131519L;;SI;NO;;;;;Auto;SI;;;;
relay-giro-astra-vectra-corsa-i-i;Relay Giro Astra / Vectra / Corsa I I;;;;;;;;26756.44;;0.00;0.00;0.00;0.00;1;13266316;;SI;NO;;;;;Auto;SI;;;;
sensor-inyeccion-t-cross-vw-up;Sensor Inyeccion T-cross/ Vw Up!;;;;;;;;15724.72;;0.00;0.00;0.00;0.00;1;03F919501B--;;SI;NO;;;;;Auto;SI;;;;
correa-distrib-111x170-continental-corsa-1-6;Correa Distrib. 111x170 -continental- Corsa 1.6**;;;;;;;;15960.76;;0.00;0.00;0.00;0.00;1;C109119C-C;;SI;NO;;;;;Auto;SI;;;;
correa-distrib-original-astra-vectra-zafira-2-0-1-8;Correa Distrib -original- Astra/vectra/zafira 2.0/1.8;;;;;;;;72713.11;;0.00;0.00;0.00;0.00;1;C1091198-O;;SI;NO;;;;;Auto;SI;;;;
filtro-aire-original-montana-11-15;Filtro Aire -original- Montana 11/15;;;;;;;;28829.51;;0.00;0.00;0.00;0.00;1;C12962041O;;SI;NO;;;;;Auto;SI;;;;
juego-pastilla-freno-22525d-plasbestos-cobalt-onix;Juego Pastilla Freno (22525d) Plasbestos Cobalt/onix;;;;;;;;56290.69;;0.00;0.00;0.00;0.00;1;C69815146P;;SI;NO;;;;;Auto;SI;;;;
juego-pastillas-freno-bosch-corsa-chapa;Juego Pastillas Freno Bosch Corsa Chapa **;;;;;;;;26167.43;;0.00;0.00;0.00;0.00;1;0986BB0266;;SI;NO;;;;;Auto;SI;;;;
enfriador-de-aceite-comp-imp-cruze-sonic-tracker;Enfriador De Aceite Comp.-imp-cruze/sonic/tracker;;;;;;;;106200.37;;0.00;0.00;0.00;0.00;1;C1170214CI;;SI;NO;;;;;Auto;SI;;;;
pastillas-freno-trasero-cruze-10-16-15-sonic-t;Pastillas Freno Trasero Cruze 10/16 (15 ) /sonic/t;;;;;;;;38539.51;;0.00;0.00;0.00;0.00;1;19348408;;SI;NO;;;;;Auto;SI;;;;
cano-intercooler-entrada-4664-s10-bl-mwm-2-8;Caño Intercooler (entrada) -4664- S10/bl Mwm 2.8;;;;;;;;52381.25;;0.00;0.00;0.00;0.00;1;C1221012-C;;SI;NO;;;;;Auto;SI;;;;
bomba-agua-mwm-s10-blazer-silverado-frontier-xterr;Bomba Agua Mwm S10/blazer/silverado/frontier/xterr;;;;;;;;52053.02;;0.00;0.00;0.00;0.00;1;2640808;;SI;NO;;;;;Auto;SI;;;;
crapodinaastra-vectra-zafira-2-0-8v-onix-corsaii;Crapodinaastra/vectra/zafira 2.0 8v Onix /corsaii/;;;;;;;;184131.45;;0.00;0.00;0.00;0.00;1;CSC3113;;SI;NO;;;;;Auto;SI;;;;
reparacion-maq-l-c-trasero-der-izquierdo-astra;Reparacion Maq L/c Trasero Der/izquierdo Astra;;;;;;;;25906.75;;0.00;0.00;0.00;0.00;1;C8395005--;;SI;NO;;;;;Auto;SI;;;;
rotula-suspension-izquierdo-mattioli-1289-fox-trend-voy;Rotula Suspension Izquierdo Mattioli 1289 Fox/trend/voy;;;;;;;;1295.21;;0.00;0.00;0.00;0.00;1;5U0407365A-M;;SI;NO;;;;;Auto;SI;;;;
cuerpo-selectora-caja-velocidad-corsa;Cuerpo Selectora Caja Velocidad Corsa;;;;;;;;141014.26;;0.00;0.00;0.00;0.00;1;C7110231AC;;SI;NO;;;;;Auto;SI;;;;
soporte-motor-derecho-40089-sonic-spin-cobalt-onix;Soporte Motor Derecho 40089 Sonic/spin/cobalt/onix;;;;;;;;128426.59;;0.00;0.00;0.00;0.00;1;C19938182G;;SI;NO;;;;;Auto;SI;;;;
portatermostato-comp-c-cano-imp-trend-fox;Portatermostato Comp. C/caño Imp Trend/fox;;;;;;;;79984.07;;0.00;0.00;0.00;0.00;1;032121026CNI;;SI;NO;;;;;Auto;SI;;;;
fuelle-suspension-delantero-cartucho-mc-pherson-bo;Fuelle Suspension Delantero Cartucho Mc.pherson Bo;;;;;;;;14270.81;;0.00;0.00;0.00;0.00;1;168-35A;;SI;NO;;;;;Auto;SI;;;;
grampa-riel-techo-corsa-fun;Grampa Riel Techo Corsa / Fun;;;;;;;;19056.12;;0.00;0.00;0.00;0.00;1;90381780;;SI;NO;;;;;Auto;SI;;;;
reparacion-maq-l-c-trasero-elect-8d-corsa-94;Reparacion Maq L/c Trasero Elect (8d) Corsa 94/;;;;;;;;22185.85;;0.00;0.00;0.00;0.00;1;C8395002--;;SI;NO;;;;;Auto;SI;;;;
bomba-agua-skf-vkpc-90402a-aveo;Bomba Agua Skf -vkpc 90402a - Aveo**;;;;;;;;60327.48;;0.00;0.00;0.00;0.00;1;C12100528S;;SI;NO;;;;;Auto;SI;;;;
precap-axial-direccion-fabila-319-d-h-fiesta-03-ec;Precap Axial Direccion Fabila 319 D/h Fiesta 03/ec;;;;;;;;32275.96;;0.00;0.00;0.00;0.00;1;FFF4228034-F;;SI;NO;;;;;Auto;SI;;;;
conectores-y-flanges-base-alojamiento-termostato;Conectores Y Flanges Base / Alojamiento Termostato;;;;;;;;115307.24;;0.00;0.00;0.00;0.00;1;WF0130;;SI;NO;;;;;Auto;SI;;;;
disco-freno-vent-i256mm-trend-voyage;Disco Freno Vent Ï256mm Trend/voyage;;;;;;;;41122.74;;0.00;0.00;0.00;0.00;1;5U0615301C-H;;SI;NO;;;;;Auto;SI;;;;
perilla-palanca-cambio-classic-prisma-tapa-gris;Perilla Palanca Cambio Classic/prisma Tapa Gris;;;;;;;;42287.78;;0.00;0.00;0.00;0.00;1;C71114110-;;SI;NO;;;;;Auto;SI;;;;
correa-distrib-z135-skf-vw-fox-gol-1-0;Correa Distrib Z=135 -skf- Vw Fox/gol 1.0**;;;;;;;;33969.41;;0.00;0.00;0.00;0.00;1;030109119--S;;SI;NO;;;;;Auto;SI;;;;
faro-trasero-izquierda-fitam-corsa-99-4-p;Faro Trasero Izquierda -fitam- Corsa 99/ 4 P;;;;;;;;26394.75;;0.00;0.00;0.00;0.00;1;C9450956-F;;SI;NO;;;;;Auto;SI;;;;
extremos-astra-zafira-rosca-14x15-134-mm-izquie;Extremos Astra Zafira Rosca 14x1,5 134 Mm Izquie;;;;;;;;26433.1;;0.00;0.00;0.00;0.00;1;GM-E3719;;SI;NO;;;;;Auto;SI;;;;
cable-embrague-corsa-largo-97-00;Cable Embrague Corsa Largo 97/00;;;;;;;;29362.47;;0.00;0.00;0.00;0.00;1;93247035;;SI;NO;;;;;Auto;SI;;;;
sensor-rpm-bosch-corsa-astra-meriva;Sensor Rpm Bosch Corsa/astra/meriva**;;;;;;;;61036.81;;0.00;0.00;0.00;0.00;1;F00099R005;;SI;NO;;;;;Auto;SI;;;;
ruleman-pinon-directa-skf-vkt1000-fox-trend;Ruleman Piñon/directa-skf-(vkt1000) Fox/trend**;;;;;;;;224984.24;;0.00;0.00;0.00;0.00;1;02T311206E-S;;SI;NO;;;;;Auto;SI;;;;
kit-palanca-cambios-completo-c-aloja-corsa-05;Kit Palanca Cambios Completo C/aloja. Corsa 05/;;;;;;;;130831.43;;0.00;0.00;0.00;0.00;1;C7111177PC;;SI;NO;;;;;Auto;SI;;;;
tapa-de-valvulas-c-tapa-adap-corsa-99-fun-mer;Tapa De Valvulas C/ Tapa Adap. Corsa 99/fun/mer/;;;;;;;;49442.32;;0.00;0.00;0.00;0.00;1;C10364911A;;SI;NO;;;;;Auto;SI;;;;
polea-p-tensor-036145299-gol-polo;Polea P/tensor 036145299 Gol/polo;;;;;;;;28986.49;;0.00;0.00;0.00;0.00;1;036145299X-F;;SI;NO;;;;;Auto;SI;;;;
tensor-correa-dist-cruze1-8-sonic-aveo-tracker;Tensor Correa Dist Cruze1.8 /sonic /aveo/tracker;;;;;;;;99005.11;;0.00;0.00;0.00;0.00;1;55574864;;SI;NO;;;;;Auto;SI;;;;
maza-rueda-delantera-con-bulones-ford-focus-1-6-2-0;Maza Rueda Delantera Con Bulones Ford Focus 1.6/2.0;;;;;;;;388,125.00;;0.00;0.00;0.00;0.00;1;;;SI;NO;;;;;Corven;SI;;;;
tecla-baliza-kangoo-clio-mio;Tecla Baliza Kangoo-clio Mio;;;;;;;;38,812.50;;0.00;0.00;0.00;0.00;1;;;SI;NO;;;;;Genérica;SI;;;;
juego-2-rotulas-mc-fiat-idea-strada;Juego 2 Rotulas Mc Fiat Idea Strada;;;;;;;;59,512.50;;0.00;0.00;0.00;0.00;1;;;SI;NO;;;;;MC;SI;;;;
pastilla-de-freno-delantera-chevrolet-corsa-celta-agile-fun;Pastilla De Freno Delantera Chevrolet Corsa Celta Agile Fun;;;;;;;;39419.26;;0.00;0.00;0.00;0.00;1;C69815145D;;SI;NO;;;;;Plasbestos;SI;;;;
kit-leva-selectora-con-cambios-chevrolet-corsa-fun-agile;Kit Leva Selectora Con Cambios Chevrolet Corsa Fun Agile;;;;;;;;95639.1;;0.00;0.00;0.00;0.00;1;C7110306E2;;SI;NO;;;;;Accesorios Argentinos;SI;;;;
llave-de-luces-chevrolet-corsa-classic-con-reostato;Llave De Luces Chevrolet Corsa Classic Con Reóstato;;;;;;;;21716.14;;0.00;0.00;0.00;0.00;1;C9415341--;;SI;NO;;;;;VuaRam;SI;;;;
1lt-anticongelante-rojo-dex-cool-larga-vida-concentrado;1lt Anticongelante Rojo Dex-cool Larga Vida Concentrado;;;;;;;;19445.04;;0.00;0.00;0.00;0.00;1;C976428--O;;SI;NO;;;;;AcDelco GM Original;SI;;;;
pastillas-de-freno-delanteras-chevrolet-onix-prisma-original;Pastillas De Freno Delanteras Chevrolet Onix Prisma Original;;;;;;;;31173.13;;0.00;0.00;0.00;0.00;1;C69815146A;;SI;NO;;;;;ACDelco;SI;;;;
kit-distribucion-skf-chevrolet-corsa-celta-fun-1-4-palio-1-8;Kit Distribucion Skf Chevrolet Corsa Celta Fun 1.4 Palio 1.8;;;;;;;;74084.39;;0.00;0.00;0.00;0.00;1;VKMA 05012 A;;SI;NO;;;;;SKF;SI;;;;
pastillas-freno-delanteras-prisma-celta-classic-agile;Pastillas Freno Delanteras Prisma Celta Classic Agile;;;;;;;;25491.06;;0.00;0.00;0.00;0.00;1;98550706;;SI;NO;;;;;ACDelco;SI;;;;
palanca-giro-y-luces-chevrolet-corsa;Palanca Giro Y Luces Chevrolet Corsa;;;;;;;;22220.13;;0.00;0.00;0.00;0.00;1;C9535133--;;SI;NO;;;;;Genérica;SI;;;;
leva-selectora-cambios-corsa-classic-fun-agile-celta;Leva Selectora Cambios Corsa Classic Fun Agile Celta;;;;;;;;50703.66;;0.00;0.00;0.00;0.00;1;C7110306E-;;SI;NO;;;;;Accesorios Argentinos;SI;;;;
amortiguador-trasero-volkswagen-gol;Amortiguador Trasero Volkswagen Gol;Volkswagen > Suspensión y Dirección, Suspensión y Dirección;;;;;;;50870.64;;1.44;66.00;7.00;7.00;4;2640460A;;SI;NO;;;;;ACDelco;SI;;;;
cazoleta-amortiguador-delantero-capemi-onix-sonic-prisma-ii;Cazoleta Amortiguador Delantero Capemi Onix Sonic Prisma Ii;Chevrolet > Suspensión y Dirección, Suspensión y Dirección;;;;;;;44629.37;;0.40;5.00;15.00;15.00;11;C4123319XC;;SI;NO;;;;;Capemi;SI;;;;
aceite-5w30-dexos-1-gen-3-4l-acdelco;Aceite 5w30 Dexos 1 Gen 3 4l Acdelco;Chevrolet > Aditivos y Lubricantes, Volkswagen > Aditivos y Lubricantes, Toyota > Aditivos y Lubricantes, Renault > Aditivos y Lubricantes, Ford > Aditivos y Lubricantes, Peugeot > Aditivos y Lubricantes, Aditivos y Lubricantes;;;;;;;60034.17;;4.50;20.00;15.00;37.00;7;C976482--O;;SI;NO;;;;;ACDelco (GM);SI;;;;
juego-tornillo-chevrolet-corsa-1-4-cabeza-con-esparrago;Juego Tornillo Chevrolet Corsa 1.4 Cabeza Con Esparrago;Chevrolet > Motor, Motor;;;;;;;31228.39;;1.00;30.00;25.00;25.00;4;TS 09CH0179;;SI;NO;;;;;Reno;SI;;;;
junta-tapa-valvula-sonic-1-6-cruze-1-8;Junta Tapa Valvula Sonic 1.6 /cruze 1.8;Chevrolet > Motor, Motor;;;;;;;41003.98;;0.20;50.00;1.00;30.00;7;C10348324C;;SI;NO;;;;;Ciccarelli;SI;;;;
soporte-resonador-chevrolet-corsa-agile-1-4-celta;Soporte Resonador Chevrolet Corsa Agile 1.4 Celta;Chevrolet > Motor, Motor;;;;;;;38323.72;;1.00;40.00;40.00;0.00;5;C1296144-M;;SI;NO;;;;;MLH;SI;;;;
filtro-de-combustible-chevrolet-s10-2-8td-12;Filtro De Combustible Chevrolet S10 2.8td 12/;Chevrolet > Motor, Motor;;;;;;;21750.97;;0.20;6.00;6.00;15.00;13;KX444D;;SI;NO;;;;;Mahle;SI;;;;
juego-cables-cambio-chevrolet-corsa-classic-prisma-fun-celta;Juego Cables Cambio Chevrolet Corsa Classic Prisma Fun Celta;Chevrolet > Motor, Motor;;;;;;;63330.8;;0.30;45.00;30.00;5.00;7;C7112657-F;;SI;NO;;;;;Chevrolet;SI;;;;
block-semiarmado-1-8-chevrolet-cobalt-spin-montana-original;Block Semiarmado 1.8 Chevrolet Cobalt Spin Montana Original;Chevrolet > Motor, Motor;;;;;;;2265169.79;;150.00;50.00;60.00;100.00;1;98500519;;SI;NO;;;;;General Motors;SI;;;;
juego-amortiguadores-delanteros-chevrolet-s101;Juego Amortiguadores Delanteros Chevrolet S10;Chevrolet > Suspensión y Dirección, Suspensión y Dirección;;;;;;;307949.37;;3.44;63.00;38.00;19.00;1;52123152 x2;;SI;NO;;;;;General Motors;SI;;;;
kit-de-embrague-kit-3pzs-peugeot-206-306-partner;Kit De Embrague Kit = 3pzs Peugeot 206/306/partner;Motor, Peugeot > Motor;;;;;;;286932.47;;3.50;7.00;30.00;30.00;1;PGK004N;;SI;NO;;;;;PHC;SI;;;;
kit-de-juntas-enfriador-aceite-chevrolet-sonic-cruze-tracker;Kit De Juntas Enfriador Aceite Chevrolet Sonic Cruze Tracker;Chevrolet > Motor, Motor;;;;;;;19012.41;;0.20;1.00;50.00;30.00;6;C11510617-;;SI;NO;;;;;EXP;SI;;;;
kit-embrague-gol-saveiro-1-6-phc-valeo;Kit Embrague Gol / Saveiro 1.6 Phc - Valeo;Volkswagen > Motor, Motor;;;;;;;281163.8;;3.50;7.00;30.00;30.00;1;VWK090B;;SI;NO;;;;;PHC;SI;;;;
kit-de-embrague-kit-3pzs-toyota-rav-4-corolla-1;Kit De Embrague Kit = 3pzs Toyota Rav 4/corolla 1.;Toyota > Motor, Motor;;;;;;;470220.4;;3.50;7.00;30.00;30.00;1;TYK-220;;SI;NO;;;;;PHC;SI;;;;
bomba-de-agua-chevrolet-cruze-y-tracker-1-8-16v-acdelco;Bomba De Agua Chevrolet Cruze Y Tracker 1.8 16v Acdelco;Chevrolet > Motor, Motor;;;;;;;61667.77;;0.40;13.00;13.00;13.00;1;C121005Q-O;;SI;NO;;;;;ACDelco;SI;;;;
juegos-amortiguadores-traseros-toyota-hilux-4x2;Juegos Amortiguadores Traseros Toyota Hilux 4x2;Toyota > Suspensión y Dirección, Suspensión y Dirección;;;;;;;113081.02;;2.88;66.00;14.00;7.00;1;2640480A X2;;SI;NO;;;;;ACDelco;SI;;;;
juego-amortiguadores-traseros-chevrolet-cruze-2010-a-2016;Juego Amortiguadores Traseros Chevrolet Cruze 2010 A 2016;Chevrolet > Suspensión y Dirección, Suspensión y Dirección;;;;;;;160690.13;;2.88;66.00;14.00;7.00;1;2641215A X2;;SI;NO;;;;;ACDelco;SI;;;;
juego-amortiguadores-traseros-volkswagen-gol-country;Juego Amortiguadores Traseros Volkswagen Gol Country;Volkswagen > Suspensión y Dirección, Suspensión y Dirección;;;;;;;101503.97;;2.88;66.00;7.00;14.00;1;2640460A X2;;SI;NO;;;;;ACDelco;SI;;;;
juego-amortiguadores-delanteros-chevrolet-cruze-1-4;Juego Amortiguadores Delanteros Chevrolet Cruze 1.4;Chevrolet > Suspensión y Dirección, Suspensión y Dirección;;;;;;;166273.91;;3.44;63.00;19.00;19.00;1;65173 y 74gop;;SI;NO;;;;;ACDelco;SI;;;;
buje-eje-trasero-chevrolet-cobalt-original;Buje Eje Trasero Chevrolet Cobalt Original;Chevrolet > Motor, Motor;;;;;;;145010.25;;1.50;15.00;10.00;10.00;2;C50154129O;;SI;NO;;;;;General Motors;SI;;;;
sonda-lambda-kessel-chevrolet-corsa-wagon-1-4-2009-2010;Sonda Lambda Kessel Chevrolet Corsa Wagon 1.4 2009-2010;Chevrolet > Motor, Motor;;;;;;;91014.85;;0.40;18.00;8.00;8.00;7;C9062656-K;;SI;NO;;;;;Kessel;SI;;;;
amortiguador-trasero-chevrolet-cruze;Amortiguador Trasero Chevrolet Cruze;Chevrolet > Suspensión y Dirección, Suspensión y Dirección;;;;;;;84936.21;;1.44;66.00;7.00;7.00;3;2641215A;;SI;NO;;;;;ACDelco;SI;;;;
amortiguador-trasero-volkswagen-gol-country;Amortiguador Trasero Volkswagen Gol Country;Volkswagen > Suspensión y Dirección, Suspensión y Dirección;;;;;;;50870.64;;1.44;66.00;7.00;7.00;4;2640460A;;SI;NO;;;;;ACDelco;SI;;;;
amortiguador-trasero-toyota-hilux-4x2-2005-en-adelante;Amortiguador Trasero Toyota Hilux 4x2 2005 En Adelante;Toyota > Suspensión y Dirección, Suspensión y Dirección;;;;;;;59771.4;;1.44;66.00;7.00;7.00;2;2640480A;;SI;NO;;;;;ACDelco;SI;;;;
kit-4-amortiguadores-chevrolet-agile;Kit 4 Amortiguadores Chevrolet Agile;Chevrolet > Suspensión y Dirección, Suspensión y Dirección;;;;;;;757,350.00;;5.20;66.00;29.00;38.00;1;2640421 Y 22;;SI;NO;;;;;ACDelco;SI;;;;
kit-distribucion-chevrolet-aveo-1-6-16v;Kit Distribucion Chevrolet Aveo 1.6 16v;Chevrolet > Motor, Motor;;;;;;;205989.03;;0.30;25.00;25.00;6.00;1;C10910012B;;SI;NO;;;;;Bosch;SI;;;;
kit-distribucion-con-bomba-de-agua-chevrolet-aveo-1-6-16v;Kit Distribucion Con Bomba De Agua Chevrolet Aveo 1.6 16v;Chevrolet > Motor, Motor;;;;;;;251697.32;;1.30;25.00;25.00;15.00;1;KDCHAVEOA;;SI;NO;;;;;Bosch;SI;;;;
kit-distribucion-volkswagen-fox-1-6;Kit Distribucion Volkswagen Fox 1.6;Volkswagen > Motor, Motor;;;;;;;72818.18;;0.40;25.00;25.00;6.00;1;WWW109119F-B;;SI;NO;;;;;Bosch;SI;;;;
kit-distribucion-con-bomba-de-agua-volkswagen-gol-trend-1-6;Kit Distribucion Con Bomba De Agua Volkswagen Gol Trend 1.6;Chevrolet > Motor, Motor;;;;;;;100935.9;;1.30;25.00;25.00;15.00;1;KDVBAHA;;SI;NO;;;;;Bosch;SI;;;;
bobina-encendido-chevrolet-corsa-1-6-8v-mpfi-4-pines;Bobina Encendido Chevrolet Corsa 1.6 8v Mpfi (4 Pines);Chevrolet > Motor, Motor;;;;;;;121529.58;;0.50;12.00;12.00;12.00;2;19374957;;SI;NO;;;;;ACDelco;SI;;;;
bobina-encendido-chevrolet-cruze-1-8-16v;Bobina Encendido Chevrolet Cruze 1.8 16v;Chevrolet > Motor, Motor;;;;;;;191413.13;;0.40;15.00;10.00;18.00;2;19374951;;SI;NO;;;;;ACDelco;SI;;;;
bobina-encendido-chevrolet-corsa-1-4-3-pines;Bobina Encendido Chevrolet Corsa 1.4 (3 Pines);Chevrolet > Motor, Motor;;;;;;;89969.95;;0.40;12.00;12.00;12.00;2;19374952;;SI;NO;;;;;ACDelco;SI;;;;
sonda-lambda-onix-prisma-multiple-13-15;SONDA LAMBDA ONIX/PRISMA (MULTIPLE) 13/15;Chevrolet > Motor, Motor;;;;;;;89571.34;;0.40;18.00;8.00;8.00;1;24580510;;SI;NO;;;;;;SI;;;;
amortiguador-delantero-derecho-chevrolet-aveo;Amortiguador Delantero Derecho Chevrolet Aveo;Chevrolet > Suspensión y Dirección, Suspensión y Dirección;;;;;;;90573.28;;1.72;19.00;63.00;19.00;3;2640423A;;SI;NO;;;;;ACDelco;SI;;;;
juego-amortiguadores-delanteros-toyota-hilux-4x2-95-04;Juego Amortiguadores Delanteros Toyota Hilux 4x2 95/04;Toyota > Suspensión y Dirección, Suspensión y Dirección;;;;;;;101659.16;;3.44;63.00;38.00;19.00;1;2640477A X2;;SI;NO;;;;;ACDelco;SI;;;;
amortiguador-delantero-derecho-volkswagen-amarok;Amortiguador Delantero Derecho Volkswagen Amarok;Volkswagen > Suspensión y Dirección, Suspensión y Dirección;;;;;;;118188.81;;1.72;63.00;19.00;19.00;3;2641218A;;SI;NO;;;;;ACDelco;SI;;;;
juego-amortiguadores-delanteros-volkswagen-amarok;Juego Amortiguadores Delanteros Volkswagen Amarok;Volkswagen > Suspensión y Dirección, Suspensión y Dirección;;;;;;;210835.37;;3.44;63.00;38.00;19.00;1;2641218A Y19;;SI;NO;;;;;ACDelco;SI;;;;
amortiguador-delantero-toyota-hilux-4x2;Amortiguador Delantero Toyota Hilux 4x2;Toyota > Suspensión y Dirección, Suspensión y Dirección;;;;;;;53734.13;;1.72;63.00;19.00;19.00;2;2640477A;;SI;NO;;;;;ACDelco;SI;;;;
amortiguador-delantero-chevrolet-s10-4x4;Amortiguador Delantero Chevrolet S10 4x4;Chevrolet > Suspensión y Dirección, Suspensión y Dirección;;;;;;;57939.55;;1.72;63.00;19.00;19.00;4;2640465A;;SI;NO;;;;;ACDelco;SI;;;;
juego-amortiguadores-delanteros-chevrolet-s10-4x4;Juego Amortiguadores Delanteros Chevrolet S10 4x4;Chevrolet > Suspensión y Dirección, Suspensión y Dirección;;;;;;;112747.23;;1.72;63.00;19.00;19.00;1;2640465A X2;;SI;NO;;;;;ACDelco;SI;;;;
amortiguador-delantero-izquierdo-chevrolet-aveo;Amortiguador Delantero Izquierdo Chevrolet Aveo;Chevrolet > Suspensión y Dirección, Suspensión y Dirección;;;;;;;86591.76;;1.72;63.00;19.00;19.00;3;2640425A;;SI;NO;;;;;ACDelco;SI;;;;
juego-amortiguadores-delanteros-chevrolet-cruze;Juego Amortiguadores Delanteros Chevrolet Cruze;Chevrolet > Suspensión y Dirección, Suspensión y Dirección;;;;;;;224397.06;;3.44;38.00;63.00;19.00;1;2641213A Y14;;SI;NO;;;;;ACDelco;SI;;;;
juego-amortiguadores-delanteros-chevrolet-onix;Juego Amortiguadores Delanteros Chevrolet Onix;Chevrolet > Suspensión y Dirección, Suspensión y Dirección;;;;;;;215569.85;;3.44;63.00;38.00;19.00;1;2641203A Y04;;SI;NO;;;;;ACDelco;SI;;;;
amortiguador-delantero-izquierdo-chevrolet-astra;Amortiguador Delantero Izquierdo Chevrolet Astra;Chevrolet > Suspensión y Dirección, Suspensión y Dirección;;;;;;;94512.12;;1.72;63.00;19.00;19.00;1;2640435A;;SI;NO;;;;;ACDelco;SI;;;;
juego-amortiguadors-delanteros-chevrolet-astra;Juego Amortiguadors Delanteros Chevrolet Astra;Chevrolet > Suspensión y Dirección, Suspensión y Dirección;;;;;;;183774.5;;3.44;63.00;38.00;19.00;1;2640433A Y35;;SI;NO;;;;;ACDelco;SI;;;;
juego-amortiguadores-delanteros-chevrolet-aveo;Juego Amortiguadores Delanteros Chevrolet Aveo;Chevrolet > Suspensión y Dirección, Suspensión y Dirección;;;;;;;172067.23;;3.44;63.00;38.00;19.00;1;2640423A Y25;;SI;NO;;;;;ACDelco;SI;;;;
amortiguador-delantero-derecho-chevrolet-astra;Amortiguador Delantero Derecho Chevrolet Astra;Chevrolet > Suspensión y Dirección, Suspensión y Dirección;;;;;;;99763.78;;1.72;63.00;19.00;19.00;1;2640433A;;SI;NO;;;;;ACDelco;SI;;;;
amortiguador-delantero-izquierdo-chevrolet-cruze;Amortiguador Delantero Izquierdo Chevrolet Cruze;Chevrolet > Suspensión y Dirección, Suspensión y Dirección;;;;;;;118644.81;;1.72;63.00;19.00;19.00;2;2641214A;;SI;NO;;;;;ACDelco;SI;;;;
juego-amortiguadores-delanteros-chevrolet-montana;Juego Amortiguadores Delanteros Chevrolet Montana;Chevrolet > Suspensión y Dirección, Suspensión y Dirección;;;;;;;224501.1;;3.44;63.00;38.00;19.00;1;2641216A X2;;SI;NO;;;;;ACDelco;SI;;;;
amortiguador-delantero-chevrolet-montana;Amortiguador Delantero Chevrolet Montana;Chevrolet > Suspensión y Dirección, Suspensión y Dirección;;;;;;;115368.62;;1.72;63.00;19.00;19.00;2;2641216A;;SI;NO;;;;;ACDelco;SI;;;;
bomba-de-nafta-kessel-chevrolet-corsa-1-4-1-6-3-0-bar;Bomba De Nafta Kessel Chevrolet Corsa 1.4 / 1.6 3.0 Bar;Chevrolet > Motor, Motor;;;;;;;38895.62;;0.25;10.00;7.00;7.00;8;C9060918-K;;SI;NO;;;;;Kessel;SI;;;;
espejo-exterior-chevrolet-corsa-con-comando-manual-derecho;Espejo Exterior Chevrolet Corsa Con Comando Manual Derecho;Chevrolet > Carrocería , Carrocería;;;;;;;21055.53;;1.00;10.00;15.00;30.00;4;C8575022--;;SI;NO;;;;;Chevrolet;SI;;;;
bieleta-barra-estabilizadora-de-direccion-onix-prisma-spin;Bieleta Barra Estabilizadora De Dirección Onix Prisma Spin;Chevrolet > Suspensión y Dirección, Suspensión y Dirección;;;;;;;27887.9;;0.60;7.00;7.00;25.00;12;52151665;;SI;NO;;;;;GM;SI;;;;
bieleta-barra-chevrolet-prisma-onix-spin-cobalt-sonic-gm;Bieleta Barra Chevrolet Prisma Onix Spin Cobalt Sonic Gm;Chevrolet > Motor, Motor;;;;;;;27887.9;;0.60;10.00;10.00;25.00;12;C41131519O;;SI;NO;;;;;GM;SI;;;;
extremo-direccion-chevrolet-corsa-classic-celta-fun-14-x-1-5;Extremo Dirección Chevrolet Corsa Classic Celta Fun 14 X 1.5;Chevrolet > Suspensión y Dirección, Suspensión y Dirección;;;;;;;23889.06;;1.00;20.00;7.00;20.00;9;C4198117-S;;SI;NO;;;;;SKF;SI;;;;
kit-homocinetica-lado-rueda-chevrolet-corsa-fun-agile-celta;Kit Homocinetica Lado Rueda Chevrolet Corsa Fun Agile Celta;Chevrolet > Suspensión y Dirección, Suspensión y Dirección;;;;;;;164,250.00;;0.50;15.00;10.00;10.00;34;c4073116-s;;SI;NO;;;;;SKF;SI;;;;
engranaje-distribucion-chevrolet-corsa-meriva-spin-prisma-gm;Engranaje Distribucion Chevrolet Corsa Meriva Spin Prisma Gm;Chevrolet > Motor, Motor;;;;;;;28301.98;;0.35;4.00;7.00;7.00;11;90354858;;SI;NO;;;;;GM;SI;;;;
manguera-filtro-aire-corsa-classic-celta-1-4-prisma-m-viejo;Manguera Filtro Aire Corsa Classic Celta 1.4 Prisma M/viejo;Chevrolet > Motor, Motor;;;;;;;26801.55;;0.30;10.00;10.00;30.00;10;C12961523C;;SI;NO;;;;;Chevrolet;SI;;;;
juego-tapas-distribucion-chevrolet-corsa-classic-1-4-8v;Juego Tapas Distribucion Chevrolet Corsa Classic 1.4 8v;Chevrolet > Motor, Motor;;;;;;;21580.82;;1.00;7.00;23.00;65.00;10;C1091076-A;;SI;NO;;;;;ACCESORIOS ARGENTINOS;SI;;;;
kit-de-rulemanes-traseros-chevrolet-corsa-meriva-celta-skf;Kit De Rulemanes Traseros Chevrolet Corsa Meriva Celta Skf;Chevrolet > Suspensión y Dirección, Suspensión y Dirección;;;;;;;138,650.00;;0.50;10.00;10.00;10.00;10;c501287k1s;;SI;NO;;;;;SKF;SI;;;;
filtro-nafta-combustible-chevrolet-corsa-agile-celta-onix;Filtro Nafta Combustible Chevrolet Corsa Agile Celta Onix;Chevrolet > Motor, Motor;;;;;;;5910.37;;0.30;7.00;7.00;15.00;18;C127401N-O;;SI;NO;;;;;ACDelco;SI;;;;
termostato-corsa-agile-onix-montana-spin-celta-original-gm;Termostato Corsa Agile Onix Montana Spin Celta Original Gm;Chevrolet > Motor, Motor;;;;;;;22507.77;;0.30;4.00;7.00;12.00;27;93275736;;SI;NO;;;;;GM;SI;;;;
buje-barra-estabilizadora-chevrolet-corsa-classic-fun-celta;Buje Barra Estabilizadora Chevrolet Corsa Classic Fun Celta;Chevrolet > Suspensión y Dirección, Suspensión y Dirección;;;;;;;0;;0.15;5.00;7.00;7.00;38;C4113277-C;;SI;NO;;;;;Capemi;SI;;;;
filtro-de-nafta-acdelco-volkswagen-gol-trend-suran-voyage;Filtro De Nafta Acdelco Volkswagen Gol Trend Suran Voyage;Volkswagen > Motor, Motor;;;;;;;5910.37;;0.30;7.00;7.00;15.00;18;C127401N-O;;SI;NO;;;;;ACDelco;SI;;;;
liquido-bosch-refrigerante-organico-rojo-1l;Liquido Bosch Refrigerante Orgánico Rojo 1l;Chevrolet > Aditivos y Lubricantes, Volkswagen > Aditivos y Lubricantes, Toyota > Aditivos y Lubricantes, Renault > Aditivos y Lubricantes, Ford > Aditivos y Lubricantes, Peugeot > Aditivos y Lubricantes, Aditivos y Lubricantes;Color;Rojo;;;;;11164.17;;1.00;4.00;7.00;20.00;12;F000FR1400;;SI;NO;;;;;Bosch;SI;;;;
amortiguador-delantero-chevrolet-classic;Amortiguador Delantero Chevrolet Classic;Chevrolet > Suspensión y Dirección, Suspensión y Dirección;;;;;;;63317.79;;1.72;63.00;19.00;19.00;18;2640427A;;SI;NO;;;;;;SI;;;;
amortiguador-delantero-chevrolet-fun-corsa-sw;Amortiguador Delantero Chevrolet Fun Corsa Sw;Chevrolet > Suspensión y Dirección, Suspensión y Dirección;;;;;;;63317.79;;1.72;63.00;19.00;19.00;18;2640427A;;SI;NO;;;;;;SI;;;;
juego-amortiguadores-delanteros-chevrolet-corsa-classic-fun;Juego Amortiguadores Delanteros Chevrolet Corsa Classic Fun;Chevrolet > Suspensión y Dirección, Suspensión y Dirección;;;;;;;123213;;3.44;63.00;38.00;19.00;1;2640427A X2;;SI;NO;;;;;;SI;;;;
juego-amortiguadores-delanteros-chevrolet-classic;Juego Amortiguadores Delanteros Chevrolet Classic;Chevrolet > Suspensión y Dirección, Suspensión y Dirección;;;;;;;123213;;3.44;63.00;38.00;19.00;1;2640427A X2;;SI;NO;;;;;;SI;;;;
amortiguador-delantero-derecho-chevrolet-sonic-onix-prisma;Amortiguador Delantero Derecho Chevrolet Sonic Onix Prisma;Chevrolet > Suspensión y Dirección, Suspensión y Dirección;;;;;;;63317.79;;1.72;63.00;19.00;19.00;18;2640427A;;SI;NO;;;;;;SI;;;;
amortiguador-delantero-derecho-chevrolet-onix;Amortiguador Delantero Derecho Chevrolet Onix;Chevrolet > Suspensión y Dirección, Suspensión y Dirección;;;;;;;63317.79;;1.72;63.00;19.00;19.00;18;2640427A;;SI;NO;;;;;;SI;;;;
amortiguador-delantero-izquierdo-chevrolet-sonic-onix-prisma;Amortiguador Delantero Izquierdo Chevrolet Sonic Onix Prisma;Chevrolet > Suspensión y Dirección, Suspensión y Dirección;;;;;;;63317.79;;1.72;63.00;19.00;19.00;18;2640427A;;SI;NO;;;;;;SI;;;;
amortiguador-delantero-izquierdo-chevrolet-onix;Amortiguador Delantero Izquierdo Chevrolet Onix;Chevrolet > Suspensión y Dirección, Suspensión y Dirección;;;;;;;63317.79;;1.72;63.00;19.00;19.00;18;2640427A;;SI;NO;;;;;;SI;;;;
amortiguador-delantero-derecho-chevrolet-prisma;Amortiguador Delantero Derecho Chevrolet Prisma;Chevrolet > Suspensión y Dirección, Suspensión y Dirección;;;;;;;63317.79;;1.72;63.00;19.00;19.00;9;2640427A;;SI;NO;;;;;;SI;;;;
tensor-distribucion-chevrolet-onix-prisma;Tensor Distribucion Chevrolet Onix Prisma;Chevrolet > Motor, Motor;;;;;;;58405.24;;0.40;4.00;10.00;10.00;21;93353848;;SI;NO;;;;;;SI;;;;
amortiguador-trasero-suzuki-fun;Amortiguador Trasero Suzuki Fun;Suzuki > Suspensión y Dirección, Suspensión y Dirección;;;;;;;49220.36;;1.44;66.00;7.00;7.00;14;2640428A;;SI;NO;;;;;;SI;;;;
amortiguador-trasero-chevrolet-corsa;Amortiguador Trasero Chevrolet Corsa;Chevrolet > Suspensión y Dirección, Suspensión y Dirección;;;;;;;49220.36;;1.44;66.00;7.00;7.00;14;2640428A;;SI;NO;;;;;;SI;;;;
amortiguador-trasero-derecho-chevrolet-vectra-zafira-meriva;Amortiguador Trasero Derecho Chevrolet Vectra Zafira Meriva;Chevrolet > Suspensión y Dirección, Suspensión y Dirección;;;;;;;55372.07;;1.44;66.00;7.00;7.00;4;2640442A;;SI;NO;;;;;;SI;;;;
amortiguador-trasero-derecho-chevrolet-vectra;Amortiguador Trasero Derecho Chevrolet Vectra;Chevrolet > Suspensión y Dirección, Suspensión y Dirección;;;;;;;55372.07;;1.44;66.00;7.00;7.00;4;2640442A;;SI;NO;;;;;;SI;;;;
juego-amortiguadores-traseros-chevrolet-cobalt;Juego Amortiguadores Traseros Chevrolet Cobalt;Chevrolet > Suspensión y Dirección, Suspensión y Dirección;;;;;;;130559.34;;2.88;66.00;14.00;7.00;1;2641207A X2;;SI;NO;;;;;;SI;;;;
juego-amortiguadores-traseros-chevrolet-onix;Juego Amortiguadores Traseros Chevrolet Onix;Chevrolet > Suspensión y Dirección, Suspensión y Dirección;;;;;;;130559.34;;2.44;66.00;14.00;7.00;1;2641207A X2;;SI;NO;;;;;;SI;;;;
juego-amortiguadores-traseros-chevrolet-prisma;Juego Amortiguadores Traseros Chevrolet Prisma;Chevrolet > Suspensión y Dirección, Suspensión y Dirección;;;;;;;130559.34;;2.88;66.00;14.00;7.00;1;2641207A X2;;SI;NO;;;;;;SI;;;;
juego-amortiguadores-traseros-chevrolet-meriva;Juego Amortiguadores Traseros Chevrolet Meriva;Chevrolet > Suspensión y Dirección, Suspensión y Dirección;;;;;;;104757.97;;2.88;66.00;14.00;7.00;1;2640442A X2;;SI;NO;;;;;;SI;;;;
juego-amortiguadores-traseros-chevrolet-corsa;Juego Amortiguadores Traseros Chevrolet Corsa;Chevrolet > Suspensión y Dirección, Suspensión y Dirección;;;;;;;93119.6;;2.44;66.00;14.00;7.00;1;2640428A X2;;SI;NO;;;;;;SI;;;;
kit-distribucion-con-bomba-de-agua-chevrolet-corsa-ii;Kit Distribución Con Bomba De Agua Chevrolet Corsa Ii;Chevrolet > Motor, Motor;;;;;;;137101.38;;1.30;25.00;25.00;15.00;2;KDCHC18;;SI;NO;;;;;;SI;;;;
kit-distribucion-original-con-bomba-de-agua-chevrolet-meriva;Kit Distribución Original Con Bomba De Agua Chevrolet Meriva;Chevrolet > Motor, Motor;;;;;;;137101.38;;1.30;25.00;25.00;15.00;2;KDCHC18;;SI;NO;;;;;;SI;;;;
juego-cables-y-bujias-chevrolet-corsa-ii;Juego Cables Y Bujias Chevrolet Corsa Ii;Chevrolet > Motor, Motor;;;;;;;44243.71;;0.30;8.00;12.00;22.00;1;KECHC14A;;SI;NO;;;;;;SI;;;;
juego-cables-y-bujias-chevrolet-spin;Juego Cables Y Bujias Chevrolet Spin;Chevrolet > Motor, Motor;;;;;;;44243.71;;0.30;8.00;12.00;22.00;1;KECHC14A;;SI;NO;;;;;;SI;;;;
kit-distribucion-original-chevrolet-corsa-fun-celta-1-4-1-6;Kit Distribucion Original Chevrolet Corsa Fun Celta 1.4 1.6;Chevrolet > Motor, Motor;;;;;;;82066.72;;0.30;25.00;25.00;6.00;59;KDCHC14*O;;SI;NO;;;;;;SI;;;;
aceite-para-motor-acdelco-10w40-semi-sintetico-para-autos-pickups-suvs-4-litros;Aceite Para Motor Acdelco 10w40 Semi-sintético Para Autos, Pickups & Suvs 4 Litros;Chevrolet > Aditivos y Lubricantes, Volkswagen > Aditivos y Lubricantes, Toyota > Aditivos y Lubricantes, Renault > Aditivos y Lubricantes, Ford > Aditivos y Lubricantes, Peugeot > Aditivos y Lubricantes, Aditivos y Lubricantes;;;;;;;35075.93;;4.50;20.00;15.00;37.00;120;C976404--O;;SI;NO;;;;;;SI;;;;
juego-cables-y-bujias-chevrolet-agile;Juego Cables Y Bujias Chevrolet Agile;Chevrolet > Motor, Motor;;;;;;;44243.71;;0.30;8.00;12.00;22.00;1;KECHC14A;;SI;NO;;;;;;SI;;;;
juego-cables-y-bujias-chevrolet-cobalt;Juego Cables Y Bujias Chevrolet Cobalt;Chevrolet > Motor, Motor;;;;;;;44243.71;;0.30;22.00;8.00;12.00;1;KECHC14A;;SI;NO;;;;;;SI;;;;
juego-cables-y-bujias-chevrolet-corsa;Juego Cables Y Bujias Chevrolet Corsa;Chevrolet > Motor, Motor;;;;;;;44243.71;;0.30;8.00;12.00;22.00;1;KECHC14A;;SI;NO;;;;;;SI;;;;
juego-cables-y-bujias-chevrolet-meriva-8v;Juego Cables Y Bujias Chevrolet Meriva 8v;Chevrolet > Motor, Motor;;;;;;;44243.71;;0.30;8.00;12.00;22.00;1;KECHC14A;;SI;NO;;;;;;SI;;;;
juego-cables-y-bujias-chevrolet-celta;Juego Cables Y Bujias Chevrolet Celta;Chevrolet > Motor, Motor;;;;;;;44243.71;;0.30;8.00;12.00;22.00;1;KECHC14A;;SI;NO;;;;;;SI;;;;
juego-cables-y-bujias-suzuki-fun;Juego Cables Y Bujias Suzuki Fun;Suzuki > Motor, Motor;;;;;;;44243.71;;0.30;8.00;12.00;22.00;1;KECHC14A;;SI;NO;;;;;;SI;;;;
amortiguador-trasero-chevrolet-cobalt;Amortiguador Trasero Chevrolet Cobalt;Chevrolet > Suspensión y Dirección, Suspensión y Dirección;;;;;;;69009.94;;1.44;66.00;7.00;7.00;20;2641207A;;SI;NO;;;;;ACDelco;SI;;;;
amortiguador-trasero-chevrolet-onix;Amortiguador Trasero Chevrolet Onix;Chevrolet > Suspensión y Dirección, Suspensión y Dirección;;;;;;;69009.94;;1.44;66.00;7.00;7.00;20;2641207A;;SI;NO;;;;;ACDelco;SI;;;;
amortiguador-trasero-chevrolet-onix-prisma-sonic-cobalt;Amortiguador Trasero Chevrolet Onix Prisma Sonic Cobalt;Chevrolet > Suspensión y Dirección, Suspensión y Dirección;;;;;;;69009.94;;1.44;66.00;7.00;7.00;20;2641207A;;SI;NO;;;;;ACDelco;SI;;;;
amortiguador-trasero-chevrolet-prisma;Amortiguador Trasero Chevrolet Prisma;Chevrolet > Suspensión y Dirección, Suspensión y Dirección;;;;;;;69009.94;;1.44;66.00;7.00;7.00;20;2641207A;;SI;NO;;;;;ACDelco;SI;;;;
juego-cables-y-bujias-chevrolet-vectra-16v-2-2;Juego Cables Y Bujias Chevrolet Vectra 16v 2.2;Chevrolet > Motor, Motor;;;;;;;51926.05;;0.30;8.00;12.00;22.00;1;KECHC2016V;;SI;NO;;;;;ACDelco;SI;;;;
juego-cables-y-bujias-chevrolet-astra-1-8-y-2-0;Juego Cables Y Bujias Chevrolet Astra 1.8 Y 2.0;Chevrolet > Motor, Motor;;;;;;;41753.79;;0.30;8.00;12.00;22.00;1;KECHC208V;;SI;NO;;;;;ACDelco;SI;;;;
juego-cables-y-bujias-chevrolet-vectra-8v-2-2;Juego Cables Y Bujias Chevrolet Vectra 8v 2.2;Chevrolet > Motor, Motor;;;;;;;41753.79;;0.30;8.00;12.00;22.00;1;KECHC208V;;SI;NO;;;;;ACDelco;SI;;;;
subconjunto-chevrolet-f14d-std-c-u-77-9-mm-aveo-1-4-16v;Subconjunto Chevrolet F14d Std C/u 77.9 Mm Aveo 1.4 16v;Chevrolet > Motor, Motor;;;;;;;419684.38;;1.00;13.00;23.00;20.00;3;SCCHF14D0*T;;SI;NO;;;;prueba;Akuro;SI;;;;
kit-distribucion-chevrolet-corsa-classic-agile-1-4-1-6;Kit Distribucion Chevrolet Corsa Classic Agile 1.4 1.6;Chevrolet > Motor, Motor;;;;;;;56741.44;;0.30;25.00;25.00;6.00;1;KDCHC14AC;;SI;NO;;;;;ACDelco;SI;;;;
kit-embrague-toyota-hilux-sw4-2-8-d-3-0-d-236mm;Kit Embrague Toyota Hilux/sw4 2.8 D / 3.0 D 236mm;Toyota > Motor, Motor;;;;;;;725278.9;;3.50;7.00;30.00;30.00;4;TY31/TYC20;;SI;NO;;;;;PHC;SI;;;;
kit-de-embrague-kit-3pzs-renault-clio-kangoo-1-2;Kit De Embrague Kit = 3pzs Renault Clio/kangoo 1.2;Renault > Motor, Motor;;;;;;;241783.45;;3.50;7.00;30.00;30.00;4;NSK195;;SI;NO;;;;;PHC;SI;;;;
kit-de-filtros-para-service-chevrolet-meriva-corsa-ii-1-8-8v;Kit De Filtros Para Service Chevrolet Meriva Corsa Ii 1.8 8v;Chevrolet > Motor, Motor;;;;;;;31937.62;;1.00;10.00;30.00;35.00;1;SERCHMER;;SI;NO;;;;;Original;SI;;;;
kit-embrague-cruze-1-8-phc;Kit Embrague Cruze 1.8 Phc;Chevrolet > Motor, Motor;;;;;;;463536.78;;3.50;7.00;30.00;30.00;3;DWK020;;SI;NO;;;;;PHC;SI;;;;
kit-embrague-volkswagen-gol-senda-quantum-ford-galaxy;Kit Embrague Volkswagen Gol / Senda / Quantum / Ford Galaxy;Volkswagen > Motor, Ford > Motor, Motor;;;;;;;289951.61;;3.50;7.00;30.00;30.00;4;VWK085B;;SI;NO;;;;;PHC;SI;;;;
conjunto-de-embrague-kit-2pzs-ford-ranger-maxion;Conjunto De Embrague Kit = 2pzs Ford Ranger Maxion;Ford > Motor, Motor;;;;;;;678205.46;;3.50;7.00;30.00;30.00;5;AM57/FDC03;;SI;NO;;;;;PHC;SI;;;;
conjunto-de-embrague-kit-2pzs-renault-fluence-2;Conjunto De Embrague Kit = 2pzs Renault Fluence 2.;Renault > Motor, Motor;;;;;;;480072.98;;3.50;7.00;30.00;30.00;2;SS06/SSC06;;SI;NO;;;;;PHC;SI;;;;
kit-de-embrague-kit-3pzs-renault-laguna-megane-s;Kit De Embrague Kit = 3pzs Renault Laguna/megane/s;Renault > Motor, Motor;;;;;;;484357.42;;3.50;7.00;30.00;30.00;3;NSK199;;SI;NO;;;;;PHC;SI;;;;
kit-juego-cables-y-bujias-corsa-spin-celta-agile-cobalt-fun;Kit Juego Cables Y Bujias Corsa Spin Celta Agile Cobalt Fun;Chevrolet > Motor, Motor;;;;;;;44243.71;;0.30;8.00;12.00;22.00;1;KECHC14A;;SI;NO;;;;;ACDelco;SI;;;;
kit-distribucion-y-bomba-de-agua-agile-onix-prisma-1-4;Kit Distribucion Y Bomba De Agua Agile Onix Prisma 1.4;Chevrolet > Motor, Motor;;;;;;;116817.64;;1.30;25.00;25.00;15.00;1;KDCHC14C-A;;SI;NO;;;;;GM;SI;;;;
kit-distribucion-chevrolet-agile-onix-prisma-montana-1-4;Kit Distribucion Chevrolet Agile Onix Prisma Montana 1.4;Chevrolet > Motor, Motor;;;;;;;82066.72;;0.40;25.00;25.00;6.00;59;KDCHC14*O;;SI;NO;;;;;GM;SI;;;;
bomba-de-agua-chevrolet-prisma-onix-acdelco;Bomba De Agua Chevrolet Prisma Onix Acdelco;Chevrolet > Motor, Motor;;;;;;;31843.24;;0.40;13.00;13.00;13.00;18;C121005F-O;;SI;NO;;;;;ACDelco;SI;;;;
bomba-de-agua-chevrolet-corsa-agile-celta-fun-acdelco;Bomba De Agua Chevrolet Corsa Agile Celta Fun Acdelco;Chevrolet > Motor, Motor;;;;;;;31843.24;;0.40;13.00;13.00;13.00;18;C121005F-O;;SI;NO;;;;;ACDelco;SI;;;;
kit-distribucion-original-con-bomba-de-agua-chevrolet-cobalt;Kit Distribución Original Con Bomba De Agua Chevrolet Cobalt;Chevrolet > Motor, Motor;;;;;;;137101.38;;1.30;25.00;25.00;15.00;2;KDCHC18;;SI;NO;;;;;GM;SI;;;;
kit-distribucion-original-con-bomba-de-agua-chevrolet-spin;Kit Distribución Original Con Bomba De Agua Chevrolet Spin;Chevrolet > Motor, Motor;;;;;;;137101.38;;1.30;25.00;25.00;15.00;1;KDCHC18;;SI;NO;;;;;GM;SI;;;;
juegos-amortiguadores-traseros-toyota-hilux-4x2-1995-2004;Juegos Amortiguadores Traseros Toyota Hilux 4x2 1995 / 2004;Toyota > Suspensión y Dirección, Suspensión y Dirección;;;;;;;96755.56;;1.44;66.00;14.00;7.00;1;2640478A X2;;SI;NO;;;;;ACDelco;SI;;;;
juego-amortiguadores-traseros-suzuki-fun;Juego Amortiguadores Traseros Suzuki Fun;Suzuki > Suspensión y Dirección, Suspensión y Dirección;;;;;;;93119.6;;2.88;66.00;14.00;7.00;1;2640428A X2;;SI;NO;;;;;ACDelco;SI;;;;
juego-amortiguadores-traseros-chyevrolet-spin;Juego Amortiguadores Traseros Chyevrolet Spin;Chevrolet > Suspensión y Dirección, Suspensión y Dirección;;;;;;;145694.45;;2.88;66.00;14.00;7.00;6;2641208A X2;;SI;NO;;;;;ACDelco;SI;;;;
juego-amortiguadores-traseros-s10-4x2-4x4-2012-a-2016;Juego Amortiguadores Traseros S10 4x2 / 4x4 2012 A 2016;Chevrolet > Suspensión y Dirección, Suspensión y Dirección;;;;;;;114664.48;;2.88;66.00;7.00;14.00;1;2641209A X2;;SI;NO;;;;;ACDelco;SI;;;;
juego-amortiguadores-traseros-chevrolet-zafira;Juego Amortiguadores Traseros Chevrolet Zafira;Chevrolet > Suspensión y Dirección, Suspensión y Dirección;;;;;;;104757.97;;2.88;66.00;14.00;7.00;1;2640442A X2;;SI;NO;;;;;ACDelco;SI;;;;
juego-amortiguadores-traseros-chevrolet-vectra;Juego Amortiguadores Traseros Chevrolet Vectra;Chevrolet > Suspensión y Dirección, Suspensión y Dirección;;;;;;;104757.97;;2.88;66.00;14.00;7.00;1;2640442A X2;;SI;NO;;;;;ACDelco;SI;;;;
juego-amortiguadores-traseros-chevrolet-montana;Juego Amortiguadores Traseros Chevrolet Montana;Chevrolet > Suspensión y Dirección, Suspensión y Dirección;;;;;;;175514.71;;2.88;66.00;7.00;7.00;1;2641217A X2;;SI;NO;;;;;ACDelco;SI;;;;
juego-amortiguadores-traseros-s10-4x2-y-4x4-1996-a-2011;Juego Amortiguadores Traseros S10 4x2 Y 4x4 1996 A 2011;Chevrolet > Suspensión y Dirección, Suspensión y Dirección;;;;;;;117886.83;;2.88;66.00;14.00;7.00;1;2640464A X2;;SI;NO;;;;;ACDelco;SI;;;;
juego-amortiguadores-traseros-chevrolet-aveo;Juego Amortiguadores Traseros Chevrolet Aveo;Chevrolet > Suspensión y Dirección, Suspensión y Dirección;;;;;;;98011.56;;2.88;66.00;14.00;7.00;1;2640424A X2;;SI;NO;;;;;ACDelco;SI;;;;
juego-amortiguadores-traseros-chevrolet-sonic;Juego Amortiguadores Traseros Chevrolet Sonic;Chevrolet > Suspensión y Dirección, Suspensión y Dirección;;;;;;;130559.34;;2.88;66.00;14.00;7.00;1;2641207A X2;;SI;NO;;;;;ACDelco;SI;;;;
amortiguador-trasero-toyota-hilux-4x2-1995-2004;Amortiguador Trasero Toyota Hilux 4x2 1995 / 2004;Toyota > Suspensión y Dirección, Suspensión y Dirección;;;;;;;51142.23;;1.44;66.00;7.00;7.00;3;2640478A;;SI;NO;;;;;ACDelco;SI;;;;
amortiguado-trasero-chevrolet-s10-4x2;Amortiguado Trasero Chevrolet S10 4x2;Chevrolet > Suspensión y Dirección, Suspensión y Dirección;;;;;;;62311.61;;1.44;66.00;7.00;7.00;12;2640464A;;SI;NO;;;;;ACDelco;SI;;;;
amortiguador-trasero-chevrolet-montana;Amortiguador Trasero Chevrolet Montana;Chevrolet > Suspensión y Dirección, Suspensión y Dirección;;;;;;;92772.06;;1.44;66.00;7.00;7.00;4;2641217A;;SI;NO;;;;;ACDelco;SI;;;;
amortiguador-trasero-chevrolet-aveo;Amortiguador Trasero Chevrolet Aveo;Chevrolet > Suspensión y Dirección, Suspensión y Dirección;;;;;;;51806.11;;1.44;66.00;7.00;7.00;3;2640424A;;SI;NO;;;;;ACDelco;SI;;;;
amortiguador-trasero-chevrolet-s10-2012-en-adelante;Amortiguador Trasero Chevrolet S10 2012 En Adelante;Chevrolet > Suspensión y Dirección, Suspensión y Dirección;;;;;;;62390.97;;1.44;66.00;7.00;7.00;12;2641209A;;SI;NO;;;;;ACDelco;SI;;;;
amortiguador-trasero-chevrolet-spin;Amortiguador Trasero Chevrolet Spin;Chevrolet > Suspensión y Dirección, Suspensión y Dirección;;;;;;;77009.92;;1.44;66.00;7.00;7.00;5;2641208A;;SI;NO;;;;;ACDelco;SI;;;;
amortiguador-trasero-derecho-chevrolet-zafira;Amortiguador Trasero Derecho Chevrolet Zafira;Chevrolet > Suspensión y Dirección, Suspensión y Dirección;;;;;;;55372.07;;1.44;66.00;7.00;7.00;4;2640442A;;SI;NO;;;;;ACDelco;SI;;;;
amortiguador-trasero-derecho-chevrolet-meriva;Amortiguador Trasero Derecho Chevrolet Meriva;Chevrolet > Suspensión y Dirección, Suspensión y Dirección;;;;;;;55372.07;;1.44;66.00;7.00;7.00;4;2640442A;;SI;NO;;;;;ACDelco;SI;;;;
amortiguador-trasero-chevrolet-sonic;Amortiguador Trasero Chevrolet Sonic;Chevrolet > Suspensión y Dirección, Suspensión y Dirección;;;;;;;69009.94;;1.44;66.00;7.00;7.00;20;2641207A;;SI;NO;;;;;ACDelco;SI;;;;
juego-amortiguadores-traseros-chevrolet-agile;Juego Amortiguadores Traseros Chevrolet Agile;Chevrolet > Suspensión y Dirección, Suspensión y Dirección;;;;;;;120866.93;;2.88;66.00;14.00;7.00;1;2640422A X2;;SI;NO;;;;;ACDelco;SI;;;;
tensor-distribucion-chevrolet-corsa-agile-meriva;Tensor Distribución Chevrolet Corsa Agile Meriva;Chevrolet > Motor, Motor;;;;;;;58405.24;;0.40;4.00;10.00;10.00;21;93353848;;SI;NO;;;;;GM;SI;;;;
tensor-distribucion-chevrolet-vectra-astra-montana-corsa-ii;Tensor Distribucion Chevrolet Vectra Astra Montana Corsa Ii;Chevrolet > Motor, Motor;;;;;;;58405.24;;0.40;4.00;10.00;10.00;21;93353848;;SI;NO;;;;;GM;SI;;;;
kit-de-filtros-para-service-chevrolet-corsa-agile;Kit De Filtros Para Service Chevrolet Corsa Agile;Chevrolet > Motor, Motor;;;;;;;28741.69;;1.00;10.00;30.00;35.00;1;SERCHCOR;;SI;NO;;;;;Original;SI;;;;
kit-de-filtros-para-service-chevrolet-prisma-onix-1-4;Kit De Filtros Para Service Chevrolet Prisma Onix 1.4;Chevrolet > Motor, Motor;;;;;;;26533.06;;1.00;10.00;30.00;35.00;1;SERCHONIX;;SI;NO;;;;;Original;SI;;;;
aceite-acdelco-semisintetico-10w40-4l;Aceite Acdelco Semisintetico 10w40 4l;Chevrolet > Aditivos y Lubricantes, Volkswagen > Aditivos y Lubricantes, Toyota > Aditivos y Lubricantes, Renault > Aditivos y Lubricantes, Ford > Aditivos y Lubricantes, Peugeot > Aditivos y Lubricantes, Aditivos y Lubricantes;;;;;;;35075.93;;4.50;20.00;15.00;37.00;120;C976404--O;;SI;NO;;;;;ACDelco;SI;;;;
kit-de-filtros-chevrolet-astra-zafira-vectra-8v;Kit De Filtros Chevrolet Astra Zafira Vectra 8v;Chevrolet > Motor, Motor;;;;;;;35231.91;;1.00;10.00;35.00;30.00;1;SERCHAST;;SI;NO;;;;;Original;SI;;;;
amortiguador-delantero-derecho-chevrolet-spin;Amortiguador Delantero Derecho Chevrolet Spin;Chevrolet > Suspensión y Dirección, Suspensión y Dirección;;;;;;;112365.5;;1.72;63.00;19.00;19.00;13;2641205A;;SI;NO;;;;;ACDelco;SI;;;;
amortiguador-delantero-derecho-chevrolet-cruze;Amortiguador Delantero Derecho Chevrolet Cruze;Chevrolet > Suspensión y Dirección, Suspensión y Dirección;;;;;;;118574.94;;1.72;63.00;19.00;19.00;2;2641213A;;SI;NO;;;;;ACDelco;SI;;;;
amortiguador-delalntero-toyota-hilux-4x2-4x4;Amortiguador Delalntero Toyota Hilux 4x2 4x4;Toyota > Suspensión y Dirección, Suspensión y Dirección;;;;;;;73390.81;;1.72;63.00;38.00;19.00;4;2640479A;;SI;NO;;;;;ACDelco;SI;;;;
amortiguador-delantero-izquierdo-volkswagen-amarok;Amortiguador Delantero Izquierdo Volkswagen Amarok;Volkswagen > Suspensión y Dirección, Suspensión y Dirección;;;;;;;115371.32;;1.72;63.00;19.00;19.00;4;2641219A;;SI;NO;;;;;ACDelco;SI;;;;
juego-amortiguadores-delanteros-chevrolet-spin;Juego Amortiguadores Delanteros Chevrolet Spin;Chevrolet > Suspensión y Dirección, Suspensión y Dirección;;;;;;;214755.45;;3.44;63.00;38.00;19.00;1;2641205A Y06;;SI;NO;;;;;ACDelco;SI;;;;
amortiguador-delantero-izquierdo-chevrolet-spin;Amortiguador Delantero Izquierdo Chevrolet Spin;Chevrolet > Suspensión y Dirección, Suspensión y Dirección;;;;;;;114661.69;;1.72;19.00;63.00;19.00;4;2641206A;;SI;NO;;;;;ACDelco;SI;;;;
amortiguador-delantero-izquierdo-chevrolet-prisma;Amortiguador Delantero Izquierdo Chevrolet Prisma;Chevrolet > Suspensión y Dirección, Suspensión y Dirección;;;;;;;112591.03;;1.72;63.00;19.00;19.00;5;2641204A;;SI;NO;;;;;ACDelco;SI;;;;
amortiguador-delantero-izquierdo-chevrolet-sonic;Amortiguador Delantero Izquierdo Chevrolet Sonic;Chevrolet > Suspensión y Dirección, Suspensión y Dirección;;;;;;;112591.03;;1.72;63.00;19.00;19.00;5;2641204A;;SI;NO;;;;;ACDelco;SI;;;;
juego-amortiguadores-delalnteros-toyota-hilux-4x2-4x4-05;Juego Amortiguadores Delalnteros Toyota Hilux 4x2 4x4 05;Toyota > Suspensión y Dirección, Suspensión y Dirección;;;;;;;142814.56;;3.44;63.00;19.00;38.00;1;2640479A X2;;SI;NO;;;;;ACDelco;SI;;;;
amortiguador-delantero-derecho-chevrolet-sonic;Amortiguador Delantero Derecho Chevrolet Sonic;Chevrolet > Suspensión y Dirección, Suspensión y Dirección;;;;;;;115297.09;;1.72;63.00;19.00;19.00;9;2641203A;;SI;NO;;;;;ACDelco;SI;;;;
juego-amortiguadores-delanteros-vw-gol-y-gol-country;Juego Amortiguadores Delanteros Vw Gol Y Gol Country;Volkswagen > Suspensión y Dirección, Suspensión y Dirección;;;;;;;86251.7;;3.44;63.00;19.00;19.00;1;2640459A X2;;SI;NO;;;;;ACDelco;SI;;;;
juego-amortiguadores-delanteros-chevrolet-s10;Juego Amortiguadores Delanteros Chevrolet S10;Chevrolet > Suspensión y Dirección, Suspensión y Dirección;;;;;;;181328.12;;3.44;63.00;38.00;19.00;1;2641212A X2;;SI;NO;;;;;ACDelco;SI;;;;
juego-amortiguadores-delanteros-chevrolet-agile;Juego Amortiguadores Delanteros Chevrolet Agile;Chevrolet > Suspensión y Dirección, Suspensión y Dirección;;;;;;;180422.76;;3.44;63.00;38.00;19.00;1;2640421A X2;;SI;NO;;;;;ACDelco;SI;;;;
juego-amortiguadores-delanteros-chevrolet-s10-4x2;Juego Amortiguadores Delanteros Chevrolet S10 4x2;Chevrolet > Suspensión y Dirección, Suspensión y Dirección;;;;;;;111613.15;;3.44;38.00;63.00;19.00;1;2640463A X2;;SI;NO;;;;;ACDelco;SI;;;;
juego-amortiguadores-delanteros-chevrolet-corsa;Juego Amortiguadores Delanteros Chevrolet Corsa;Chevrolet > Suspensión y Dirección, Suspensión y Dirección;;;;;;;123213;;3.44;63.00;38.00;19.00;1;2640427A X2;;SI;NO;;;;;ACDelco;SI;;;;
juego-amortiguadores-delanteros-chevrolet-fun-corsa-sw;Juego Amortiguadores Delanteros Chevrolet Fun Corsa Sw;Chevrolet > Suspensión y Dirección, Suspensión y Dirección;;;;;;;123213;;3.44;63.00;38.00;19.00;1;2640427A X2;;SI;NO;;;;;ACDelco;SI;;;;
amortiguador-delantero-volkswagen-gol-gol-country;Amortiguador Delantero Volkswagen Gol Gol Country;Volkswagen > Suspensión y Dirección, Suspensión y Dirección;;;;;;;44323.79;;1.72;63.00;19.00;19.00;4;2640459A;;SI;NO;;;;;ACDelco;SI;;;;
amortiguador-delantero-chevrolet-s10-desde-2012;Amortiguador Delantero Chevrolet S10 Desde 2012;Chevrolet > Suspensión y Dirección, Suspensión y Dirección;;;;;;;95844.86;;1.72;63.00;19.00;19.00;3;2641212A;;SI;NO;;;;;ACDelco;SI;;;;
amortiguador-delantero-chevrolet-s10-4x2;Amortiguador Delantero Chevrolet S10 4x2;Chevrolet > Suspensión y Dirección, Suspensión y Dirección;;;;;;;57356.76;;1.72;63.00;19.00;19.00;4;2640463A;;SI;NO;;;;;ACDelco;SI;;;;
amortiguador-trasero-chevrolet-fun-corsa-sw;Amortiguador Trasero Chevrolet Fun Corsa Sw;Chevrolet > Suspensión y Dirección, Suspensión y Dirección;;;;;;;49220.36;;1.44;66.00;7.00;7.00;14;2640428A;;SI;NO;;;;;ACDelco;SI;;;;
amortiguador-trasero-chevrolet-agile;Amortiguador Trasero Chevrolet Agile;Chevrolet > Suspensión y Dirección, Suspensión y Dirección;;;;;;;63886.81;;1.44;66.00;7.00;7.00;18;2640422A;;SI;NO;;;;;ACDelco;SI;;;;
amortiguador-delantero-chevrolet-agile;Amortiguador Delantero Chevrolet Agile;Chevrolet > Suspensión y Dirección, Suspensión y Dirección;;;;;;;95366.32;;1.72;63.00;19.00;19.00;12;2640421A;;SI;NO;;;;;ACDelco;SI;;;;
amortiguador-delantero-chevrolet-corsa;Amortiguador Delantero Chevrolet Corsa;Chevrolet > Suspensión y Dirección, Suspensión y Dirección;;;;;;;63317.79;;1.72;63.00;19.00;19.00;18;2640427A;;SI;NO;;;;;ACDelco;SI;;;;
amortiguador-delantero-chevrolet-corsa-classic-fun;Amortiguador Delantero Chevrolet Corsa Classic Fun;Chevrolet > Suspensión y Dirección, Suspensión y Dirección;;;;;;;63317.79;;3.44;63.00;19.00;19.00;18;2640427A;;SI;NO;;;;;ACDelco;SI;;;;
